Top pages,Clicks,Impressions,CTR,Position
https://www.orangejelly.co.uk/licensees-guide/summer-pub-event-ideas,145,9704,1.49%,16.49
https://www.orangejelly.co.uk/licensees-guide/quiz-night-ideas,106,5753,1.84%,12.03
https://www.orangejelly.co.uk/licensees-guide/profitable-pub-food-menu-ideas,98,5189,1.89%,7.71
https://www.orangejelly.co.uk/licensees-guide/social-media-strategy-for-pubs,42,4352,0.97%,12.65
https://www.orangejelly.co.uk/licensees-guide/quiz-night-101,40,2937,1.36%,7.89
https://www.orangejelly.co.uk/licensees-guide/cash-bingo-101,37,1979,1.87%,9.54
https://www.orangejelly.co.uk/licensees-guide/summer-moments-simple-campaigns,30,1575,1.9%,15.03
https://www.orangejelly.co.uk/,25,1082,2.31%,14.36
https://www.orangejelly.co.uk/about,25,389,6.43%,9.85
https://www.orangejelly.co.uk/licensees-guide/midweek-pub-offers-that-work,21,1237,1.7%,7.69
https://www.orangejelly.co.uk/licensees-guide/why-is-my-pub-empty,21,1034,2.03%,6.97
https://www.orangejelly.co.uk/licensees-guide/christmas-pub-promotion-ideas,20,1624,1.23%,11.69
https://www.orangejelly.co.uk/licensees-guide/oktoberfest-pub-guide,19,451,4.21%,7.17
https://www.orangejelly.co.uk/licensees-guide/pub-vat-accounting-guide,18,1116,1.61%,6.75
https://www.orangejelly.co.uk/licensees-guide/content-marketing-ideas-pubs,16,2850,0.56%,15.3
https://www.orangejelly.co.uk/licensees-guide/pub-refurbishment-on-budget,14,1927,0.73%,15.72
https://www.orangejelly.co.uk/licensees-guide/compete-with-wetherspoons,14,1215,1.15%,9.01
https://www.orangejelly.co.uk/contact,13,328,3.96%,23.98
https://www.orangejelly.co.uk/licensees-guide/autumn-pub-event-ideas,12,293,4.1%,7.27
https://www.orangejelly.co.uk/licensees-guide/macmillan-coffee-morning-pub-guide,11,1280,0.86%,9.52
https://www.orangejelly.co.uk/licensees-guide/village-pub-dying-village-survival,11,198,5.56%,7.77
https://www.orangejelly.co.uk/licensees-guide/cellar-management-beer-quality-guide,9,1211,0.74%,8.46
https://www.orangejelly.co.uk/licensees-guide/instagram-marketing-for-pubs,8,981,0.82%,7.79
https://www.orangejelly.co.uk/licensees-guide/brewery-tie-improve-your-deal,7,597,1.17%,7.84
https://www.orangejelly.co.uk/pub-rescue,6,504,1.19%,17.5
https://www.orangejelly.co.uk/licensees-guide/premium-pub-positioning,5,977,0.51%,20.65
https://www.orangejelly.co.uk/licensees-guide/double-drinks-profit-without-selling-more,5,547,0.91%,6.64
https://www.orangejelly.co.uk/licensees-guide/pub-marketing-plan-2026-monthly-guide,5,274,1.82%,6.96
https://www.orangejelly.co.uk/licensees-guide/pub-event-template-profit-nights,5,128,3.91%,13.45
https://www.orangejelly.co.uk/licensees-guide/pub-empty-tuesday-nights,4,367,1.09%,4.69
https://www.orangejelly.co.uk/licensees-guide/food-allergies-gdpr-compliance,4,352,1.14%,6.97
https://www.orangejelly.co.uk/licensees-guide/pub-drinks-menu-design-guide,4,139,2.88%,15.71
https://www.orangejelly.co.uk/licensees-guide/revenue-levers-struggling-pubs,4,44,9.09%,12.57
https://orangejelly.co.uk/,4,11,36.36%,1.09
https://www.orangejelly.co.uk/licensees-guide/national-drinks-days-pub-guide,3,1689,0.18%,8.92
https://www.orangejelly.co.uk/licensees-guide/pub-health-check-essential-fundamentals-licensee-success,3,727,0.41%,7.23
https://www.orangejelly.co.uk/licensees-guide/pub-licensing-premises-personal-licence-guide,3,336,0.89%,9.16
https://www.orangejelly.co.uk/licensees-guide/pub-business-plan-template-guide,3,132,2.27%,9.06
https://www.orangejelly.co.uk/licensees-guide/pub-accessibility-welcoming-guide,3,97,3.09%,9.12
https://www.orangejelly.co.uk/licensees-guide/pub-differentiation-strategies,3,87,3.45%,8.68
https://www.orangejelly.co.uk/licensees-guide,2,1582,0.13%,20.14
https://www.orangejelly.co.uk/services,2,1199,0.17%,24.13
https://www.orangejelly.co.uk/licensees-guide/buying-a-pub-complete-guide,2,345,0.58%,6.69
https://www.orangejelly.co.uk/licensees-guide/pub-health-safety-checklist,2,104,1.92%,6.33
https://www.orangejelly.co.uk/licensees-guide/christmas-pub-event-ideas,2,62,3.23%,7.05
https://www.orangejelly.co.uk/licensees-guide/cask-ale-week-pub-guide,1,600,0.17%,7.42
https://www.orangejelly.co.uk/licensees-guide/facebook-marketing-local-pubs,1,203,0.49%,7.32
https://www.orangejelly.co.uk/licensees-guide/pub-recruitment-hiring-bar-staff,1,135,0.74%,8.59
https://www.orangejelly.co.uk/services/social-media-marketing-for-pubs,1,102,0.98%,13.78
https://www.orangejelly.co.uk/licensees-guide/how-to-attract-families-to-your-pub,1,84,1.19%,3.67
https://www.orangejelly.co.uk/licensees-guide/music-bingo-101,1,61,1.64%,6.39
https://www.orangejelly.co.uk/pub-marketing-kent,1,60,1.67%,14.62
https://www.orangejelly.co.uk/licensees-guide/black-friday-pub-ideas,1,51,1.96%,11.61
https://www.orangejelly.co.uk/licensees-guide/turnaround-playbook-independent-bars,1,50,2%,5.96
https://www.orangejelly.co.uk/fix-my-pub,1,38,2.63%,8.39
https://www.orangejelly.co.uk/licensees-guide/pub-toilet-refurbishment-budget-guide,1,33,3.03%,7.15
https://www.orangejelly.co.uk/licensees-guide/boardgame-night-101,1,28,3.57%,8
https://www.orangejelly.co.uk/licensees-guide/does-your-pub-need-a-website,1,27,3.7%,4.81
https://www.orangejelly.co.uk/licensees-guide/pub-insurance-cover-guide,1,24,4.17%,28.83
https://www.orangejelly.co.uk/ways-to-work,0,685,0%,35.78
https://www.orangejelly.co.uk/licensees-guide/partnering-local-brands-share-marketing,0,269,0%,17.35
https://www.orangejelly.co.uk/licensees-guide/autumn-rugby-nations-championship-pubs,0,252,0%,10.95
https://www.orangejelly.co.uk/licensees-guide/build-loyalty-scheme-fill-pub,0,234,0%,20.55
https://www.orangejelly.co.uk/results,0,159,0%,7.52
https://www.orangejelly.co.uk/licensees-guide/prs-ppl-music-licensing-pubs,0,107,0%,8.63
https://www.orangejelly.co.uk/services/paid-social-for-pubs,0,91,0%,5.23
https://www.orangejelly.co.uk/pub-marketing-berkshire,0,89,0%,48.74
https://www.orangejelly.co.uk/licensees-guide/recession-proof-pub-strategies,0,88,0%,9.68
https://www.orangejelly.co.uk/licensees-guide/category/toolkits,0,86,0%,67.15
https://www.orangejelly.co.uk/licensees-guide/30-day-action-plan-stabilise-hospitality,0,81,0%,10.15
https://www.orangejelly.co.uk/licensees-guide/upselling-secrets-training-scripts,0,81,0%,11.9
https://www.orangejelly.co.uk/licensees-guide/pop-up-events-for-pubs,0,78,0%,33.28
https://www.orangejelly.co.uk/services/content-creation-for-pubs,0,77,0%,2.48
https://www.orangejelly.co.uk/licensees-guide/karaoke-night-101,0,76,0%,8.53
https://www.orangejelly.co.uk/licensees-guide/nobody-books-tables-anymore,0,75,0%,11.72
https://www.orangejelly.co.uk/quiet-midweek-solutions,0,70,0%,11.03
https://www.orangejelly.co.uk/licensees-guide/live-music-events-for-pubs,0,68,0%,9.22
https://www.orangejelly.co.uk/services/facebook-services-for-pubs,0,65,0%,3.11
https://www.orangejelly.co.uk/empty-pub-solutions,0,63,0%,9.63
https://www.orangejelly.co.uk/services/instagram-services-for-pubs,0,60,0%,3.23
https://cheersai.orangejelly.co.uk/,0,58,0%,3.07
https://www.orangejelly.co.uk/licensees-guide/young-people-wont-come-to-your-pub,0,58,0%,24.9
https://www.orangejelly.co.uk/licensees-guide/zero-waste-stock-management-pubs,0,52,0%,15.35
https://www.orangejelly.co.uk/licensees-guide/cashflow-fixes-when-trade-drops,0,49,0%,22.47
https://www.orangejelly.co.uk/licensees-guide/pub-chalkboard-a-board-ideas,0,45,0%,6.6
https://www.orangejelly.co.uk/licensees-guide/terrible-online-reviews-damage-control,0,43,0%,15
https://www.orangejelly.co.uk/licensees-guide/kitchen-nightmares-chef-quits,0,42,0%,8.29
https://www.orangejelly.co.uk/licensees-guide/community-outreach-reintroduce-pub,0,41,0%,11.22
https://www.orangejelly.co.uk/licensees-guide/reboot-pub-atmosphere-on-budget,0,40,0%,7.33
https://www.orangejelly.co.uk/licensees-guide/how-to-run-successful-pub-events,0,36,0%,22.11
https://www.orangejelly.co.uk/licensees-guide/quiet-monday-night-promotions,0,31,0%,6.06
https://www.orangejelly.co.uk/licensees-guide/fizz-street-food-pop-up,0,31,0%,9.23
https://cheersai.orangejelly.co.uk/help,0,30,0%,3
https://www.orangejelly.co.uk/licensees-guide/menu-engineering-lift-average-spend,0,30,0%,5.9
https://www.orangejelly.co.uk/licensees-guide/staff-motivation-hacks-no-pay-rise,0,29,0%,15.31
https://www.orangejelly.co.uk/licensees-guide/social-media-tactics-footfall-seven-days,0,26,0%,8.58
https://www.orangejelly.co.uk/licensees-guide/rescue-your-margins-drinks-mix,0,24,0%,18.46
https://www.orangejelly.co.uk/licensees-guide/local-pub-marketing,0,24,0%,55.25
https://www.orangejelly.co.uk/licensees-guide/category/events,0,23,0%,64.22
https://www.orangejelly.co.uk/about-demo,0,22,0%,5.55
https://www.orangejelly.co.uk/licensees-guide/low-cost-decor-refreshes-new-improved,0,21,0%,8.62
https://www.orangejelly.co.uk/licensees-guide/fill-empty-pub-tables,0,21,0%,9.43
https://www.orangejelly.co.uk/licensees-guide/email-marketing-pub-retention,0,21,0%,21.81
https://cheersai.orangejelly.co.uk/terms,0,20,0%,4.8
https://www.orangejelly.co.uk/licensees-guide/rent-supplier-negotiations-cash-tight,0,20,0%,6.15
https://www.orangejelly.co.uk/licensees-guide/pub-event-ideas,0,20,0%,11.45
https://www.orangejelly.co.uk/licensees-guide/how-to-respond-bad-pub-reviews,0,19,0%,7.47
https://www.orangejelly.co.uk/licensees-guide/category/social-media,0,17,0%,53.18
https://www.orangejelly.co.uk/licensees-guide/food-hygiene-rating-five-star-guide,0,16,0%,21.75
https://www.orangejelly.co.uk/licensees-guide/win-back-locals-after-slow-trade,0,15,0%,6.73
https://www.orangejelly.co.uk/licensees-guide/crisis-pr-landlords-bad-reviews,0,15,0%,9.87
https://cheersai.orangejelly.co.uk/settings,0,13,0%,4.08
https://www.orangejelly.co.uk/licensees-guide/theme-hour-power-hour,0,13,0%,7.69
https://www.orangejelly.co.uk/licensees-guide/epos-data-revenue-comeback,0,13,0%,9.46
https://www.orangejelly.co.uk/licensees-guide/energy-bill-shock-cut-venue-costs,0,13,0%,18.77
https://www.orangejelly.co.uk/capabilities,0,12,0%,2.17
https://cheersai.orangejelly.co.uk/privacy,0,12,0%,6.42
https://www.orangejelly.co.uk/licensees-guide/fill-empty-seats-midweek-offers,0,12,0%,8.33
https://orangejelly.co.uk/contact,0,12,0%,34.58
https://www.orangejelly.co.uk/licensees-guide/turn-heating-costs-into-winter-wins,0,11,0%,14.45
https://www.orangejelly.co.uk/licensees-guide/beat-chain-pubs,0,10,0%,6.5
https://www.orangejelly.co.uk/licensees-guide/wine-tasting-evenings-for-pubs,0,9,0%,7.11
https://cheersai.orangejelly.co.uk/auth/signup,0,9,0%,7.67
https://www.orangejelly.co.uk/licensees-guide/sober-october-low-no-alcohol-pubs,0,9,0%,11.67
https://www.orangejelly.co.uk/licensees-guide/survive-off-season-revenue-packages,0,9,0%,15.78
https://orangejelly.co.uk/results,0,8,0%,4.12
https://www.orangejelly.co.uk/licensees-guide/low-budget-pub-marketing-ideas,0,8,0%,6.88
https://www.orangejelly.co.uk/licensees-guide/category/community,0,8,0%,27.88
https://www.orangejelly.co.uk/licensees-guide/family-craft-hour-101,0,7,0%,7.71
https://www.orangejelly.co.uk/licensees-guide/category/turnaround,0,7,0%,13.29
https://mixerai.orangejelly.co.uk/,0,6,0%,3.67
https://www.orangejelly.co.uk/licensees-guide/category/competition,0,6,0%,6
https://www.orangejelly.co.uk/licensees-guide/pub-christmas-bookings-fill-december,0,6,0%,6.17
https://www.orangejelly.co.uk/licensees-guide/restart-quiz-music-sport-roi,0,5,0%,7.2
https://cheersai.orangejelly.co.uk/campaigns,0,5,0%,7.4
https://www.orangejelly.co.uk/licensees-guide/seasonal-pub-events-calendar,0,4,0%,5
https://www.orangejelly.co.uk/licensees-guide/delivery-click-collect-without-harm,0,4,0%,7.5
https://orangejelly.co.uk/services,0,3,0%,1.67
https://www.orangejelly.co.uk/licensees-guide/pub-halloween-bonfire-night-events,0,3,0%,8.33
https://www.orangejelly.co.uk/pub-marketing,0,2,0%,2
https://www.orangejelly.co.uk/licensees-guide/category/analytics,0,2,0%,3
https://www.orangejelly.co.uk/images/blog/quiz-night-ideas.png,0,2,0%,6
https://www.orangejelly.co.uk/compete-with-pub-chains,0,2,0%,9
https://www.orangejelly.co.uk/licensees-guide/category/property,0,2,0%,10
https://www.orangejelly.co.uk/licensees-guide/cash-flow-crisis-breaking-cycle,0,2,0%,54
https://management.orangejelly.co.uk/events/bingo-night-2025-11-14,0,1,0%,4
https://www.orangejelly.co.uk/licensees-guide/category/sales,0,1,0%,11
https://www.orangejelly.co.uk/logo.png,0,1,0%,12