Top queries,Clicks,Impressions,CTR,Position
pub ideas to make money,5,57,8.77%,10.19
quiz night ideas,2,40,5%,5.53
quiz night format,2,15,13.33%,20.67
cash bingo,1,83,1.2%,8.84
pub event ideas,1,38,2.63%,20.58
how to run a pub quiz,1,36,2.78%,12.69
pub quiz ideas,1,24,4.17%,7.33
ideas for macmillan coffee morning,1,22,4.55%,19.05
charity fundraising ideas for pubs,1,21,4.76%,4.38
wetherspoons competitors,1,8,12.5%,10.12
quiz format ideas,1,4,25%,7.5
national vodka day 2026,0,409,0%,7.16
cask ale week 2026,0,209,0%,6.21
pub bingo,0,181,0%,12.86
event ideas for pubs,0,145,0%,21.39
bingo in pubs,0,129,0%,12.1
pop up events for pubs,0,119,0%,28.13
how to organise events to attract families to pubs,0,74,0%,12.12
social media marketing for pubs,0,71,0%,16
charity night ideas in a pub,0,69,0%,9.67
pub marketing agency,0,67,0%,20.72
kids craft pop up events for pubs,0,65,0%,14.69
pub marketing,0,60,0%,31.58
family friendly activities to increase pub footfall,0,59,0%,44.15
when is national vodka day 2026,0,58,0%,6.79
pub fundraising ideas,0,51,0%,8.18
profitable menu items,0,51,0%,19.59
national vodka day,0,48,0%,13.81
vodka day 2026,0,47,0%,7.72
how to attract families to pubs,0,44,0%,6.57
when is national vodka day,0,41,0%,10.12
marketing agency for pubs,0,36,0%,31.11
instagram services for pubs,0,34,0%,15.24
christmas event ideas for pubs,0,34,0%,24.03
instagram for pubs,0,31,0%,16.52
christmas pub ideas,0,31,0%,17.39
fix my pub,0,29,0%,4.79
pun quiz calendar,0,29,0%,28.28
how to run a pub,0,29,0%,48.52
digital marketing for pubs,0,29,0%,50.86
fundraising ideas for pubs,0,28,0%,7.82
content creation for pubs,0,28,0%,12.93
cellar management,0,27,0%,15.07
pub advertising,0,27,0%,40.59
content creation services for pubs,0,26,0%,1.73
international vodka day 2026,0,26,0%,5.54
how to manage entertainment budgets for pubs,0,26,0%,8.12
autumn pub,0,26,0%,11.23
pub cellar maintenance,0,26,0%,29.85
how to create a pub menu,0,23,0%,31.96
paid social for pubs,0,22,0%,6.18
quiz event ideas,0,22,0%,12.55
pub night fundraising ideas,0,20,0%,11.9
pub cellar management,0,20,0%,12
pub maintenance,0,20,0%,85.4
facebook services for pubs,0,18,0%,10.22
charity coffee morning,0,18,0%,16.17
christmas pub events ideas,0,18,0%,16.17
oktoberfest ideas for bars,0,17,0%,4
how long do pub quizzes last,0,17,0%,10.94
brand partnerships for pubs,0,17,0%,17.35
how to manage a pub,0,17,0%,44.41
instagram marketing for pubs,0,16,0%,8.44
paid social services for pubs,0,15,0%,3.8
premiumisation in your pub,0,15,0%,5.47
world vodka day 2026,0,15,0%,5.73
national drink days 2026,0,15,0%,6
pubs showing the autumn internationals,0,15,0%,16.53
pub quiz themes,0,15,0%,20.33
pub events ideas,0,15,0%,23.47
pub quiz format,0,14,0%,6.43
is there vat on alcohol in pubs,0,14,0%,14.21
pub menu ideas,0,14,0%,15.29
drink days 2026,0,13,0%,7.92
empty pub,0,12,0%,7.67
cash bingo rules,0,12,0%,7.83
securing empty pub,0,12,0%,11.92
pubs showing autumn internationals,0,12,0%,15.92
how to run a bingo night in a pub,0,11,0%,4.82
fundraising ideas for macmillan coffee morning,0,11,0%,7.64
how does a pub quiz work,0,11,0%,9.45
quiz night themes,0,11,0%,9.64
greene king cellar management,0,11,0%,16.27
themed quiz nights,0,11,0%,18.18
how to calculate vat for a pub business,0,10,0%,11.9
craft events for pubs,0,10,0%,21.6
pub specials ideas,0,9,0%,5.33
pub vat,0,9,0%,9
cask ale week,0,9,0%,11.33
most profitable bar food,0,9,0%,16.67
social video for pubs,0,9,0%,26.78
social media freelancer for pubs,0,9,0%,60
oktoberfest ideas,0,8,0%,6.25
october pub,0,8,0%,7.5
how to organise a pub quiz,0,8,0%,10.38
how to do a pub quiz,0,8,0%,10.88
pub social media,0,8,0%,14.88
national cocktail days,0,8,0%,20.5
paid social bedford,0,8,0%,27.75
agency for pubs,0,8,0%,36.88
pubquiz ideas,0,7,0%,3.43
pub promotions that work,0,7,0%,9.43
oktoberfest pub,0,7,0%,11.43
how to run a quiz night,0,7,0%,13.57
ideas for pub events,0,7,0%,15.71
bar social media marketing,0,7,0%,20.86
pub events,0,7,0%,21.43
accounting for pubs,0,7,0%,22.29
vodka day,0,7,0%,23.43
national cocktail day uk,0,7,0%,25.71
what is included in pub insurance,0,7,0%,50.71
pub quiz formats,0,6,0%,5.5
pub menu inspiration,0,6,0%,6
how does a quiz night work,0,6,0%,6.17
do pubs charge vat,0,6,0%,10
what are some low-effort coffee morning ideas?,0,6,0%,11.17
national drinking day,0,6,0%,11.5
coffee morning ideas for charity,0,6,0%,12.33
fundraising coffee morning ideas,0,6,0%,12.67
brand partnership services for pubs,0,6,0%,22.5
short dated august 2026 on bars,0,6,0%,75
m25 corridor marketing services,0,6,0%,78
hospitality content creation berkshire,0,6,0%,85.67
which trivia format is best for midweek revenue at a pub?,0,5,0%,1
what are the best tips for hosting a successful charity coffee morning?,0,5,0%,4.4
when is national drinking day,0,5,0%,8.6
premium pub,0,5,0%,9.4
pub quiz subjects,0,5,0%,9.4
pub bingo rules,0,5,0%,9.6
fun ideas for quiz nights,0,5,0%,9.8
national drink days,0,5,0%,10.6
summer pub,0,5,0%,10.6
national drinks days,0,5,0%,11.4
coffee morning fundraising ideas,0,5,0%,13.6
ideas for pub quiz rounds,0,5,0%,17.6
what is a quiz night,0,5,0%,19
is there vat on pub food,0,5,0%,22.6
pub co branding,0,5,0%,23
pub entertainment ideas,0,5,0%,27.4
pub branding agency,0,5,0%,33.2
kids entertainment for pubs,0,5,0%,35.4
social video services for pubs,0,5,0%,44
pub refurbishments,0,5,0%,54.6
pub charity fundraising ideas,0,4,0%,5.75
quiz formats,0,4,0%,6.5
simple pub food menu,0,4,0%,7.75
how does a macmillan coffee morning work,0,4,0%,8.75
how to run a bingo night,0,4,0%,10
how to organise a beer festival,0,4,0%,12.75
ideas for pub nights,0,4,0%,16.25
increase pub footfall with live music,0,4,0%,17
recruiting the right bar team,0,4,0%,17.5
pub quiz round ideas,0,4,0%,29.25
facebook for pubs,0,4,0%,35.25
wet led business,0,4,0%,38.75
pub refurbishment opportunities,0,4,0%,42.75
pub digital marketing agency,0,4,0%,48.75
bar refurbishment,0,4,0%,57.5
beer festival kent,0,3,0%,1
how many rounds in a pub quiz,0,3,0%,1
oktoberfest 2026,0,3,0%,4
ideas for planning weekends around rugby fixtures,0,3,0%,6
oktoberfest event ideas,0,3,0%,7.67
local pub promotions 2026,0,3,0%,8
national alcohol day 2026,0,3,0%,8.67
how to organize a beer festival,0,3,0%,9.67
macmillan coffee morning ideas,0,3,0%,9.67
when is national cocktail day 2026,0,3,0%,9.67
pub:instagram,0,3,0%,10
how to increase midweek revenue for a pub or bar?,0,3,0%,11
pub advertising ideas,0,3,0%,11.67
small pub entertainment ideas,0,3,0%,11.67
quiz night decorations,0,3,0%,12.67
coffee morning fundraiser,0,3,0%,14
international vodka day,0,3,0%,16
pub night ideas,0,3,0%,16.67
beer cellar temperature,0,3,0%,18.33
pub quiz rounds ideas,0,3,0%,22
pub accounting,0,3,0%,23.67
events for pubs,0,3,0%,24.67
jelly booking,0,3,0%,26
pub theme nights,0,3,0%,27.67
how to prepare for a pub quiz,0,3,0%,34.33
ideas for bar events,0,3,0%,42
quiz categories ideas,0,3,0%,44.67
event ideas for bars,0,3,0%,46.33
christmas party promotion,0,3,0%,47.33
pub refit,0,3,0%,48
owning a pub,0,3,0%,52.67
advertising in pubs,0,3,0%,53.33
how to start a pub,0,3,0%,55.67
how to start running a pub,0,3,0%,56.67
bingo rules and regulations,0,2,0%,2
tuesday,0,2,0%,2.5
what are good fundraising ideas for a charity coffee morning?,0,2,0%,4
cellar management hampshire,0,2,0%,5
cashbingo,0,2,0%,5.5
yes,0,2,0%,5.5
mixerai,0,2,0%,6
quiz ideas,0,2,0%,6.5
cask days 2026,0,2,0%,7.5
pub trivia,0,2,0%,7.5
pub turn around,0,2,0%,8
what is cellar management,0,2,0%,8.5
is there a national vodka day,0,2,0%,9
octoberfest ideas,0,2,0%,9
national cocktail day 2026,0,2,0%,10
what day is national vodka day,0,2,0%,10
how long does a pub quiz last,0,2,0%,10.5
how many questions in a pub quiz,0,2,0%,11.5
how to host a pub quiz,0,2,0%,13
ideas for pubs,0,2,0%,13.5
coffee fundraiser ideas,0,2,0%,15.5
coffee fundraising ideas,0,2,0%,16
charity coffee morning ideas,0,2,0%,16.5
pub 101,0,2,0%,16.5
beer cellar temperature uk,0,2,0%,17
quiz night rounds,0,2,0%,17
quiz night round ideas,0,2,0%,18.5
pub quiz layout,0,2,0%,19
drink days,0,2,0%,20
vat on pubs,0,2,0%,20
pub quiz categories,0,2,0%,20.5
how to host a coffee morning,0,2,0%,24
tax season tips for pub owners,0,2,0%,24.5
charity coffee mornings,0,2,0%,25.5
pub nights ideas,0,2,0%,26.5
marketing for pubs,0,2,0%,27
what temperature should a pub cellar be,0,2,0%,27.5
pub party ideas,0,2,0%,28.5
coffee mornings for charity,0,2,0%,30
pub event,0,2,0%,30.5
best pub quiz rounds,0,2,0%,32.5
host a coffee morning,0,2,0%,34
pub promotions,0,2,0%,34.5
5 star food hygiene guide,0,2,0%,36
pub cash flow,0,2,0%,38.5
repeat pub bookings,0,2,0%,43
unique bar events,0,2,0%,43
fun pub quiz ideas,0,2,0%,44
cellar maintenance,0,2,0%,47
how to plan a beer festival,0,2,0%,49.5
bar events ideas,0,2,0%,50.5
happy national vodka day,0,2,0%,50.5
manage a pub,0,2,0%,55
how do i run a pub,0,2,0%,57
opening your own pub,0,2,0%,57.5
how to sell a pub,0,2,0%,64
how to be good at pub quizzes,0,2,0%,66.5
ppc management for pubs and bars,0,2,0%,69.5
ppc for pubs,0,2,0%,79
social media for bars,0,2,0%,79.5
improve food menu,0,2,0%,98
accounting for pub,0,1,0%,1
bar vat,0,1,0%,1
charity days 2026,0,1,0%,1
coffee morning ideas,0,1,0%,1
easy oktoberfest food ideas for large groups,0,1,0%,1
green friday 2026,0,1,0%,1
how to host a quiz night,0,1,0%,1
how would i market this,0,1,0%,1
ideas for a quiz,0,1,0%,1
is there vat on drinks,0,1,0%,1
mid week,0,1,0%,1
promotion offer,0,1,0%,1
pub quiz topics,0,1,0%,1
quiz nights ideas,0,1,0%,1
red lion pub quiz,0,1,0%,1
rugby pub marketing,0,1,0%,1
when is national pub day,0,1,0%,1
work christmas parties,0,1,0%,1
yes cost,0,1,0%,1
autumn internationals 2026 tv,0,1,0%,2
can kids play bingo for money,0,1,0%,2
columbus oktoberfest 2026,0,1,0%,2
do you need a gambling license for bingo,0,1,0%,2
how to make a pub quiz,0,1,0%,2
macmillan coffee morning 2026 date,0,1,0%,2
meny,0,1,0%,2
rugby nations championship 2026 schedule,0,1,0%,2
the osprey menu,0,1,0%,2
vodka da,0,1,0%,2
what about tuesdays,0,1,0%,2
what are the rules of bingo game,0,1,0%,2
what rugby is on tnt sports,0,1,0%,2
when are the next rugby internationals,0,1,0%,2
when are the next rugby union internationals,0,1,0%,2
when is beer day,0,1,0%,2
answer,0,1,0%,3
austrian oktoberfest,0,1,0%,3
bubble tree quizzes,0,1,0%,3
categories for pub quiz,0,1,0%,3
creative quiz ideas,0,1,0%,3
creative quiz rounds,0,1,0%,3
festival tipple,0,1,0%,3
for october and november,0,1,0%,3
helen georgia oktoberfest 2026,0,1,0%,3
ireland rugby fixtures 2026,0,1,0%,3
midweek,0,1,0%,3
munich oktoberfest 2026,0,1,0%,3
nations championship fixtures 2026,0,1,0%,3
octoberfest party,0,1,0%,3
oktoberfest munich 2027,0,1,0%,3
pork crunch,0,1,0%,3
price per person,0,1,0%,3
pub,0,1,0%,3
quiz ideas with answers,0,1,0%,3
quiz options,0,1,0%,3
summer pub food ideas,0,1,0%,3
upcoming rugby internationals,0,1,0%,3
bingo machine,0,1,0%,4
buzz bingo cricklewood,0,1,0%,4
england rugby fixtures 2026,0,1,0%,4
explain more,0,1,0%,4
four boys menu,0,1,0%,4
oktoberfest bavaria 2026,0,1,0%,4
quiz puns,0,1,0%,4
quiz rounds,0,1,0%,4
quiz rounds ideas,0,1,0%,4
realy?,0,1,0%,4
sam's riverside menu,0,1,0%,4
scotland rugby games,0,1,0%,4
what about monday evening,0,1,0%,4
yes please.,0,1,0%,4
bull pub,0,1,0%,5
england rugby internationals 2026,0,1,0%,5
pub classic meals,0,1,0%,5
pub menu ideas uk,0,1,0%,5
the whitecliff inn menu,0,1,0%,5
what is cash bingo,0,1,0%,5
when in 2026?,0,1,0%,5
funny quiz rounds with a twist,0,1,0%,6
national drinks days 2026,0,1,0%,6
nations championship november 2026,0,1,0%,6
better,0,1,0%,7
menu picks,0,1,0%,7
national pub day 2026,0,1,0%,7
oktoberfest bar,0,1,0%,7
oktoberfest pub menu,0,1,0%,7
themed quiz ideas,0,1,0%,7
black friday party,0,1,0%,8
peter pitcher,0,1,0%,8
pub black friday,0,1,0%,8
cask fest 2026,0,1,0%,9
cocktail days 2026,0,1,0%,9
jays virtual pub quiz,0,1,0%,9
premium pubs,0,1,0%,9
when is national drink day,0,1,0%,9
world cocktail day 2026 uk,0,1,0%,9
beer tasting,0,1,0%,10
how long do quiz nights go for,0,1,0%,10
july pub,0,1,0%,10
liquor day 2026,0,1,0%,10
macmillan coffee morning september 2026,0,1,0%,10
pub post,0,1,0%,10
pubs vat,0,1,0%,10
vat?,0,1,0%,10
fun summer quiz,0,1,0%,11
karaoke 101,0,1,0%,11
midweek deal,0,1,0%,11
oktoberfest entertainment ideas,0,1,0%,11
vat pub,0,1,0%,11
what is coffee morning and how does it raise money for charity?,0,1,0%,11
august pub,0,1,0%,12
fill pub,0,1,0%,12
fundraising ideas for a bar,0,1,0%,12
orange jelly,0,1,0%,12
pub food trends,0,1,0%,12
pub quiz ideen,0,1,0%,12
pubs day,0,1,0%,12
social club bingo rules,0,1,0%,12
what is quiz night,0,1,0%,12
how to use pub meeple,0,1,0%,13
rescue pub,0,1,0%,13
interactive first date ideas,0,1,0%,14
pub booking calendar,0,1,0%,15
macmillan coffee morning 2026,0,1,0%,16
world vodka day,0,1,0%,18
events in pubs,0,1,0%,19
public house events,0,1,0%,20
high profit food items,0,1,0%,22
pub refurbishment,0,1,0%,22
four bells pub quiz,0,1,0%,23
night rounds,0,1,0%,24
pub marketing plan,0,1,0%,24
small bar event ideas for adults,0,1,0%,24
autumn internationals,0,1,0%,25
media gel,0,1,0%,25
pub theme night ideas,0,1,0%,25
how long is a pub quiz,0,1,0%,26
ideas for pub entertainment,0,1,0%,26
pub quiz events,0,1,0%,26
reset pub,0,1,0%,26
how do pub quizzes work,0,1,0%,27
national drink day,0,1,0%,27
pub market,0,1,0%,27
webzine pub marketing,0,1,0%,27
pub ideas,0,1,0%,28
bar event ideas,0,1,0%,29
pub help,0,1,0%,29
pub ideas promotion,0,1,0%,29
pub marketing ideas,0,1,0%,29
pub offerings,0,1,0%,30
national pub day,0,1,0%,31
pub summer,0,1,0%,31
the horn pub quiz,0,1,0%,31
bar entertainment ideas,0,1,0%,32
national alcohol days,0,1,0%,32
oktoberfest themes,0,1,0%,33
wetherspoons history,0,1,0%,33
airjelly,0,1,0%,36
event pub,0,1,0%,37
pop up pubs,0,1,0%,37
pub promotion,0,1,0%,38
is there vat on drinks in pubs,0,1,0%,40
pub cellar leak detection,0,1,0%,41
entertainment for pubs,0,1,0%,42
easy pub quiz,0,1,0%,43
idea pub,0,1,0%,44
pub quiz tips,0,1,0%,44
pub tips,0,1,0%,45
when is national cocktail day,0,1,0%,45
bookkeeping for pubs,0,1,0%,46
how to own a pub,0,1,0%,47
pub offering,0,1,0%,48
seo for pubs,0,1,0%,48
how to cellar beer without a cellar,0,1,0%,49
pub quiz rules,0,1,0%,49
summerhall pub,0,1,0%,49
digital marketing pub,0,1,0%,51
vat on pub food,0,1,0%,51
jelly solutions,0,1,0%,53
managing a pub,0,1,0%,53
events for bars,0,1,0%,54
november fixtures,0,1,0%,55
how to organise a quiz night,0,1,0%,58
quiz theme ideas,0,1,0%,59
how to get better at pub quizzes,0,1,0%,62
how to own your own pub,0,1,0%,62
how to run your own pub,0,1,0%,65
national happy hour day,0,1,0%,70
how to get good at pub quizzes,0,1,0%,77
how to organize a quiz night,0,1,0%,83