url,status,title,title_length,meta_description,meta_description_length,canonical,og_title,og_description,og_image,og_type,h1,h2,h3,word_count,collected_at
https://www.orangejelly.co.uk/,200,Hospitality Marketing That Fills Seats | From a Real Publican,61,Hospitality marketing proven at a real pub. We grew table bookings 403% and food revenue 98% at The Anchor. Packages from £375 + VAT.,133,https://www.orangejelly.co.uk,Hospitality Marketing That Fills Seats | From a Real Publican,Hospitality marketing proven at a real pub. We grew table bookings 403% and food revenue 98% at The Anchor. Packages from £375 + VAT.,https://www.orangejelly.co.uk/images/og-default.jpg,website,Hospitality marketing from a working pub. Proven packages that fill seats.,Seasonal Playbooks | Where Hospitality Growth Gets Stuck | Clear Packages. Honest Pricing. | Everything We Can Help With | Built in a Real Venue | Real Results from The Anchor | Latest Pub Marketing Guides | Areas We Cover | Frequently Asked Questions | Ready to Fill More Seats?,Summer Pub Playbook | Autumn Pub Playbook | Christmas Pub Playbook | Empty Tables Midweek | Pub Struggling? | Empty Pub | Competing with Chains | Pub in Crisis? | No Marketing Budget? | Growth Fix | Momentum Month | Growth Partner | Turnaround Intensive | Summer Pub Marketing: Five Ways to Turn Footfall into Revenue | Autumn Pub Event Ideas: The Playbook for Sept–Nov | Autumn Internationals 2026: Fill Your Pub for the Rugby | Black Friday Ideas for Pubs: Turn It Into Bookings | Beer Festival & Cask Ale Week: A 10-Day Plan for Pubs | The Christmas Pub Playbook: How to Fill December and Ring in the New Year | Coffee Morning Ideas for Pubs: Fundraising That Works | National Vodka Day & Drinks Days: A Pub Calendar | Oktoberfest Ideas for Pubs: How to Host Your Own | Surrey | London | Berkshire | Buckinghamshire | Hampshire | Hertfordshire | Kent | Oxfordshire | Which package is right for my pub? | How quickly can Orange Jelly create momentum? | What makes Orange Jelly different from a typical agency? | Do you offer payment plans? | Orange Jelly,1288,2026-06-16T06:56:25.903002+00:00
https://www.orangejelly.co.uk/licensees-guide/fill-empty-pub-tables,200,How to Fill Empty Pub Tables (Proven System),44,15 proven strategies to fill empty pub tables. Tested at The Anchor with real results. Practical tactics you can start this week.,129,https://www.orangejelly.co.uk/licensees-guide/fill-empty-pub-tables,How to Fill Empty Pub Tables (Proven System),15 proven strategies to fill empty pub tables. Tested at The Anchor with real results. Practical tactics you can start this week.,https://www.orangejelly.co.uk/images/blog/fill-empty-pub-tables.png,article,How to Fill Empty Pub Tables: 15 Strategies That Actually Work | How to Fill Empty Pub Tables: 15 Strategies That Actually Work,Understanding the Empty Table Problem | The Psychology of Table Choice | 15 Proven Strategies to Fill Your Empty Tables | Implementation Timeline | Measuring Success | Common Mistakes to Avoid | Frequently Asked Questions | Your Next Steps | The Challenge | Ready to Transform Your Table Occupancy? | Frequently Asked Questions | Keep reading,"What Empty Tables Really Cost You | 1. Strategic Table Management | 2. The ""Golden Hours"" Pricing Strategy | 3. Create Instagram-Worthy Table Settings | 4. The ""Community Table"" Concept | 5. Implement Smart Booking Systems | 6. Partner With Local Businesses | 7. The ""Table Time Limit"" Psychology | 8. Weather-Responsive Promotions | 9. Create Themed Table Experiences | 10. The ""Local Hero"" Table Programme | 11. Leverage FOMO Marketing | 12. Staff Training for Table Filling | 13. The ""Doggy Dining"" Revolution | 14. Data-Driven Table Management | 15. The ""Experience Economy"" Approach | Week 1: Assessment and Quick Wins | Week 2-4: Systems and Partnerships | Month 2-3: Build and Refine | Month 4-6: Scale and Optimise | Key Metrics to Track: | Our 6-Month Results: | How quickly can I expect to see results? | What if I can't afford booking systems? | Should I turn away walk-ins to keep tables for bookings? | How do I handle regular customers who expect ""their"" table? | What's the single most effective strategy? | How do I compete with chain restaurants? | What is the main reason pubs are empty? | Which day of the week is usually quietest? | How quickly will I see results? | How much will this cost to implement? | Can this work for my type of pub? | Need help putting this into practice? | How we can help | Peter Pitcher | Keep exploring proven tactics | Community Outreach Ideas That Reintroduce Your Pub to the Neighbourhood | Start Planning Christmas Now: 30 Festive Ideas to Secure December Bookings Early | Why Is My Pub Empty? 12 Brutal Truths and How to Fix Them | Orange Jelly",2211,2026-06-16T06:56:25.903002+00:00
https://www.orangejelly.co.uk/licensees-guide/double-drinks-profit-without-selling-more,200,Double Pub Drinks Profit Without Selling More,45,"Shift your pub drinks mix from volume to margin. Premium spirits, coffee, and cocktails that double profit per serve. Proven at The Anchor.",139,https://www.orangejelly.co.uk/licensees-guide/double-drinks-profit-without-selling-more,Double Pub Drinks Profit Without Selling More,"Shift your pub drinks mix from volume to margin. Premium spirits, coffee, and cocktails that double profit per serve. Proven at The Anchor.",https://www.orangejelly.co.uk/images/blog/double-drinks-profit-without-selling-more.png,article,Your Drinks Are Making Half The Profit They Should - Here's The Fix,The Real Problem | The Premium Profit Multiplication Effect | Your Five-Step Premium Transformation | Your Action Plan | Results You Can Expect | Common Objections Solved | The Bottom Line | Keep reading,Step 1: The Coffee Revolution (Week 1) | Step 2: The Soft Drink Revolution (Week 2) | Step 3: The Five-Cocktail System (Week 3) | Step 4: The Premium Spirit Shelf (Week 4) | Step 5: The Multiplication Method (Ongoing) | Week 1: Foundation | Week 2: Momentum | Week 3: Expansion | Week 4: Embedding | Immediate (Week 1) | Month 1 | Month 3 | Month 6 | Want hands-on help? | How we can help | Peter Pitcher | Keep exploring proven tactics | How to Attract Families to Your Pub: Activities That Fill Tables | Why Your EPOS Data Is the Key to a Revenue Comeback | Energy Bill Shock? Immediate Ways to Cut Venue Costs | Orange Jelly,1929,2026-06-16T06:56:25.903002+00:00
https://www.orangejelly.co.uk/licensees-guide,200,The Licensee's Guide - Expert Pub Management Advice | Orange Jelly,66,"Essential guides for pub owners covering marketing, events, food, and business strategy. Practical advice that also applies to restaurants and bars.",148,https://www.orangejelly.co.uk/licensees-guide,The Licensee's Guide - Expert Pub Management Advice | Orange Jelly,"Essential guides for pub owners covering marketing, events, food, and business strategy. Practical advice that also applies to restaurants and bars.",https://www.orangejelly.co.uk/images/og-default.jpg,website,The Licensee's Guide,Seasonal Playbooks | What You'll Learn | Search the Guides | Top Topics,"Summer Pub Playbook | Autumn Pub Playbook | Christmas Pub Playbook | Summer Pub Marketing: Five Ways to Turn Footfall into Revenue | Autumn Pub Event Ideas: The Playbook for Sept–Nov | Autumn Internationals 2026: Fill Your Pub for the Rugby | Black Friday Ideas for Pubs: Turn It Into Bookings | Beer Festival & Cask Ale Week: A 10-Day Plan for Pubs | The Christmas Pub Playbook: How to Fill December and Ring in the New Year | Coffee Morning Ideas for Pubs: Fundraising That Works | National Vodka Day & Drinks Days: A Pub Calendar | Oktoberfest Ideas for Pubs: How to Host Your Own | Halloween Food & Party Ideas for Pubs (+ Bonfire Night) | Non Alcoholic Beer & a Low/No Bar That Sells: Sober October | Wine & Cheese Evening: How to Run One in Your Pub | Pub Event Ideas: The Year-Round Guide to Filling Quiet Nights | How to Attract Families to Your Pub: Activities That Fill Tables | Summer Moments, Simple Campaigns: an inspiring idea bank for pub teams (May to Aug) | Your Pub Marketing Plan for 2026: Month-by-Month Guide | Instagram Marketing for Pubs: Turn Food Photos Into Foot Traffic | Wet-Led vs Food-Led Pubs: Understanding Your Revenue Model | How to Run Successful Pub Events: A Complete Guide to Profitable Functions | Six Nations 2026: How to Make the Most of Rugby in Your Pub | Food Allergies and GDPR: The Compliance Nightmares That Could Close You Down | How Much Profit Does a Pub Make? Realistic Numbers for 2026 | Pub Chalkboard & A-Board Ideas That Actually Drive Footfall | How to Fill Empty Pub Tables: 15 Strategies That Actually Work | New Year's Eve for Pubs: Planning, Pricing & Promotion | Facebook Marketing for Local Pubs: Your Community Connection Goldmine | Theme Hour Saturdays: Power Hour & Spin-to-Win Toolkit | Pub Toilet Refurbishment: Make a Great Impression on a Budget | Why Your EPOS Data Is the Key to a Revenue Comeback | Pop-Up Events for Pubs: Formats That Fill Quiet Nights | Pub VAT and Accounting: The Landlord's Plain-English Guide | Energy Bill Shock? Immediate Ways to Cut Venue Costs | Quiz Night 101: Licensee Guide | Pub Accessibility: Making Your Venue Welcoming for Everyone | Email Marketing for Pubs: Build a Database That Drives Repeat Business | Music Bingo 101: Licensee Guide | Pub Drinks Menu: How to Design a Menu That Grows Revenue | Your Drinks Are Making Half The Profit They Should - Here's The Fix | Karaoke Night 101: Licensee Guide | Cellar Management: How to Keep Your Beer Perfect and Your Waste Low | Harnessing Delivery and Click & Collect Without Killing Service | Family Craft Hour 101: Licensee Guide | Pub Wages and Labour Costs: What to Pay and How to Control Costs | Cash Bingo 101: Licensee Guide | Pub Health and Safety: The Licensee's Practical Checklist | Pub Content That Fills Seats: What to Post and When | Boardgame & Team Night 101: Licensee Guide | How to Compete with Wetherspoons: A Survival Guide for Independent Pubs | Zero-Waste Stock Management for Pubs in Survival Mode | Google Business Profile for Pubs: The Complete Setup Guide | Community Outreach Ideas That Reintroduce Your Pub to the Neighbourhood | Young People Won't Come to Your Pub? Here's How to Change That | How to Respond to Bad Pub Reviews (Without Making It Worse) | Start Planning Christmas Now: 30 Festive Ideas to Secure December Bookings Early | How to Win Back Locals After Months of Slow Trade | Pub Christmas Bookings: How to Fill Your December Calendar | Cashflow Fixes: Immediate Steps When Trade Drops Off a Cliff | Why Is My Pub Empty? 12 Brutal Truths and How to Fix Them | Pub Recruitment: How to Hire (and Keep) Great Bar Staff | The Complete Guide to Pub EPOS Systems in 2026 | How to Build a Loyalty Scheme That Fills the Pub Every Friday | Upselling Secrets: Training Scripts That Don't Sound Pushy | PRS and PPL Music Licensing for Pubs: What You Actually Pay | The Turnaround Playbook: How Independent Bars Bounce Back Fast | How to Get (and Keep) a 5-Star Food Hygiene Rating | Winter's Coming: Your Simple Guide to Turning Cold Weather Into Cash | Pub Insurance: What Cover You Need and What It Costs | Checklist: 30-Day Action Plan to Stabilise a Struggling Hospitality Business | Pub Licensing Explained: Premises Licences, Personal Licences & TENs | Survive the Off-Season: Packages That Keep Revenue Coming | 35 Summer Pub Events That Actually Make Money (Not Just Noise) | Staff Motivation Hacks When You Can't Afford Pay Rises | Social Media Tactics That Drive Footfall in Seven Days | The Complete Social Media Strategy Guide for Pubs in 2025 | Seasonal Pub Events Calendar: Year-Round Ideas That Drive Revenue | Does Your Pub Need a Website? What Actually Works in 2026 | 9 Revenue Levers Every Struggling Pub Should Pull Today | Pub Business Plan: Free Template & Step-by-Step Guide | Restarting Your Quiz, Live Music, and Sport Nights for Maximum ROI | Buying a Pub: The Complete UK Guide for First-Time Buyers | Rescue Your Margins: The Drinks Mix That Keeps Money in the Till | Handling Rent and Supplier Negotiations When Cash Is Tight | Recession-Proof Pub Strategies: How to Thrive When Customers Tighten Their Belts | From Quiet to Buzzing: Rebooting Your Pub's Atmosphere on a Budget | Quiz Night Ideas: 25 Formats That Pack Your Pub Every Week | Monday Night Pub Promotions That Actually Work (Not Another Quiz Night) | Should You Refurb Your Pub? What to Fix First for Under £5K | How to Run a Pub: The Licensee's Essential Guide | The Ultimate Pub Event Template for Guaranteed Profit Nights | Why Your Pub is Empty on Tuesday Nights (And How to Fix It) | The Complete Guide to Pub Leases, Tenancies and Brewery Ties | Cash Flow Crisis Every Month? Breaking the Feast-or-Famine Cycle | Kitchen Nightmares: When Your Chef Quits on a Saturday Night | Nobody Books Tables Anymore? Master the Art of Walk-ins vs Reservations | Terrible Online Reviews Ruining Your Reputation? The Damage Control Guide | Village Pub in a Dying Village? Survival Strategies That Actually Work | How to Differentiate Your Pub: 15 Unique Ideas That Actually Work | Profitable Pub Food Menu Ideas: High-Margin Dishes That Actually Sell | Premium Pub Positioning: How to Go Upmarket and Increase Profits | Partnering with Local Brands to Share Marketing Costs | Midweek Pub Offers That Actually Drive Profits (Not Just Footfall) | Menu Engineering Tricks to Lift Average Spend Fast | Low-Cost Decor Refreshes that Signal 'New and Improved' | 25 Low Budget Pub Marketing Ideas That Actually Work | Live Music Events for Pubs: The Complete Guide to Booking, Hosting & Profiting | Orange Jelly",5147,2026-06-16T06:56:25.903002+00:00
https://www.orangejelly.co.uk/empty-pub-solutions,200,Empty Pub? A Proven Plan to Fill Tables Again,45,"An empty pub is a fixable problem. A practical plan to bring footfall back — events, offers, and local visibility — from a working licensee. Packages from £375 + VAT.",166,https://www.orangejelly.co.uk/empty-pub-solutions,Empty Pub? A Proven Plan to Fill Tables Again,"An empty pub is a fixable problem. A practical plan to bring footfall back — events, offers, and local visibility — from a working licensee. Packages from £375 + VAT.",https://www.orangejelly.co.uk/images/og-default.jpg,website,Empty Tables toFull Houses in 30 Days.,Every Empty Table Costs You Money | How We Filled The Anchor | The Right Package to Fill Your Tables | Common Questions About Filling Empty Tables | Ready to Fill Those Empty Tables?,One Clear Bottleneck? | Growth Fix | Multiple Growth Challenges? | Growth Partner | How quickly can I see results for my empty pub? | What if I've tried everything and nothing works? | How much does the empty pub recovery plan cost? | Do I need to spend money on advertising? | Will this work for my type of pub? | Orange Jelly,667,2026-06-16T06:56:25.903002+00:00
https://www.orangejelly.co.uk/licensees-guide/pub-wages-labour-costs-guide,200,Pub Wages and Labour Costs: What to Pay and How to Control Costs,64,"What to pay pub staff in the UK and how to keep labour costs under 30%. Realistic rates by role, rota tips, and benchmarks from a working licensee.",147,https://www.orangejelly.co.uk/licensees-guide/pub-wages-labour-costs-guide,Pub Wages and Labour Costs: What to Pay and How to Control Costs,"What to pay pub staff in the UK and how to keep labour costs under 30%. Realistic rates by role, rota tips, and benchmarks from a working licensee.",https://www.orangejelly.co.uk/images/blog/pub-wages-labour-costs-guide.svg,article,Pub Wages and Labour Costs: What to Pay and How to Control Costs | Pub Wages and Labour Costs: What to Pay and How to Control Costs,The real cost of employing someone | Current UK wage rates for pub roles | Calculating your labour cost percentage | Rota optimisation: where the real gains live | Overtime versus hiring: when to make the call | Tips legislation: what you need to know | Seasonal staffing: flex without chaos | Keeping good people without breaking the budget | Your action plan | Results you can expect | Common objections | The bottom line | Keep reading,Bar staff | Kitchen | Management | The benchmarks | Use EPOS data to match staffing to trade | Stagger shifts | Cross-train your team | The four-week rolling rota | Building a flexible team structure | Adjusting for the quiet months | This week | Within 30 days | Within 90 days | Want hands-on help? | How we can help | Peter Pitcher | Keep exploring proven tactics | Wet-Led vs Food-Led Pubs: Understanding Your Revenue Model | Food Allergies and GDPR: The Compliance Nightmares That Could Close You Down | How Much Profit Does a Pub Make? Realistic Numbers for 2026 | Orange Jelly,3221,2026-06-16T06:56:25.903002+00:00
https://www.orangejelly.co.uk/pub-marketing-oxfordshire,200,"Pub Marketing in Oxfordshire — More Covers, Less Stress | Orange Jelly",70,"Pub marketing for Oxfordshire pubs in Oxford, Banbury, Witney, and the Cotswolds. Local SEO, events, and social systems from a working publican. Packages from £375 + VAT.",170,https://www.orangejelly.co.uk/pub-marketing-oxfordshire,"Pub Marketing in Oxfordshire — More Covers, Less Stress | Orange Jelly","Pub marketing for Oxfordshire pubs in Oxford, Banbury, Witney, and the Cotswolds. Local SEO, events, and social systems from a working publican. Packages from £375 + VAT.",https://www.orangejelly.co.uk/images/og-default.jpg,website,Pub Marketing for Oxfordshire Pubs,What works in Oxfordshire (and what doesn't) | What's working for Oxfordshire pubs right now | Where to start | Also Serving Pubs Across the South East | Want more customers through the door in Oxfordshire? | Common Questions,Capture the tourist trade | Henley Regatta and river trade | Cotswolds destination positioning | Revive the village pub | Start with pub marketing fundamentals | Build midweek momentum | See our packages | Can you help Oxfordshire pubs with tourist trade? | What about village pubs struggling in rural Oxfordshire? | How do we make the most of Henley Regatta and summer river trade? | Orange Jelly,651,2026-06-16T06:56:25.903002+00:00
https://www.orangejelly.co.uk/licensees-guide/recession-proof-pub-strategies,200,Recession-Proof Pub Strategies (Keep Trade Up),46,"Practical ways to protect pub trade when money is tight: offers that work, messaging, regulars, and simple systems that keep covers up.",135,https://www.orangejelly.co.uk/licensees-guide/recession-proof-pub-strategies,Recession-Proof Pub Strategies (Keep Trade Up),"Practical ways to protect pub trade when money is tight: offers that work, messaging, regulars, and simple systems that keep covers up.",https://www.orangejelly.co.uk/images/blog/recession-proof-pub-strategies.png,article,Recession-Proof Pub Strategies: How to Thrive When Customers Tighten Their Belts | Recession-Proof Pub Strategies: How to Thrive When Customers Tighten Their Belts,"Strategy 1: Protect value, not just price | Strategy 2: Build repeat trade | Strategy 3: Tighten the menu | Strategy 4: Create small luxuries | Strategy 5: Watch cash weekly | Common mistakes | Quick checklist | Mini FAQ | Keep reading",Need help putting this into practice? | How we can help | Peter Pitcher | Keep exploring proven tactics | How to Fill Empty Pub Tables: 15 Strategies That Actually Work | Community Outreach Ideas That Reintroduce Your Pub to the Neighbourhood | Start Planning Christmas Now: 30 Festive Ideas to Secure December Bookings Early | Orange Jelly,810,2026-06-16T06:56:25.903002+00:00
https://www.orangejelly.co.uk/licensees-guide/rescue-your-margins-drinks-mix,200,Rescue Pub Margins with a Better Drinks Mix,43,"Engineer a pub drinks range that defends GP when prices climb. Three-tier pours, limited releases, and bar training that lifts every round.",139,https://www.orangejelly.co.uk/licensees-guide/rescue-your-margins-drinks-mix,Rescue Pub Margins with a Better Drinks Mix,"Engineer a pub drinks range that defends GP when prices climb. Three-tier pours, limited releases, and bar training that lifts every round.",https://www.orangejelly.co.uk/images/blog/rescue-your-margins-drinks-mix.png,article,Rescue Your Margins: The Drinks Mix That Keeps Money in the Till | Rescue Your Margins: The Drinks Mix That Keeps Money in the Till,Step 1: Map the current mix | Step 2: Build a three-tier ladder | Step 3: Reprice with confidence | Step 4: Train the team on round crafting | Step 5: Partner with suppliers smartly | Step 6: Design menus that sell for you | Common mistakes | Quick checklist | Mini FAQ | Keep reading,Want hands-on help? | How we can help | Peter Pitcher | Keep exploring proven tactics | How to Attract Families to Your Pub: Activities That Fill Tables | Why Your EPOS Data Is the Key to a Revenue Comeback | Energy Bill Shock? Immediate Ways to Cut Venue Costs | Orange Jelly,918,2026-06-16T06:56:25.903002+00:00
https://www.orangejelly.co.uk/licensees-guide/pub-event-template-profit-nights,200,Pub Event Template for Guaranteed Profit Nights,47,"Reusable pub event blueprint: 6-week timeline, pre-sales, sponsor lock-in, and post-event upsells so every activation hits profit targets.",138,https://www.orangejelly.co.uk/licensees-guide/pub-event-template-profit-nights,Pub Event Template for Guaranteed Profit Nights,"Reusable pub event blueprint: 6-week timeline, pre-sales, sponsor lock-in, and post-event upsells so every activation hits profit targets.",https://www.orangejelly.co.uk/images/blog/pub-event-template-profit-nights.png,article,The Ultimate Pub Event Template for Guaranteed Profit Nights | The Ultimate Pub Event Template for Guaranteed Profit Nights,Six-week timeline | Pricing formula | Staffing and ops | Promotion stack | On-the-night playbook | Post-event | Common mistakes | Quick checklist | Mini FAQ | Keep reading,Want hands-on help? | How we can help | Peter Pitcher | Keep exploring proven tactics | Autumn Pub Event Ideas: The Playbook for Sept–Nov | Autumn Internationals 2026: Fill Your Pub for the Rugby | Black Friday Ideas for Pubs: Turn It Into Bookings | Orange Jelly,886,2026-06-16T06:56:25.903002+00:00
https://www.orangejelly.co.uk/licensees-guide/staff-motivation-hacks-no-pay-rise,200,Pub Staff Motivation When Pay Rises Are Off,43,"Motivate pub staff without pay rises. Recognition rituals, skill swaps, and micro-incentives that keep your best people engaged and loyal.",138,https://www.orangejelly.co.uk/licensees-guide/staff-motivation-hacks-no-pay-rise,Pub Staff Motivation When Pay Rises Are Off,"Motivate pub staff without pay rises. Recognition rituals, skill swaps, and micro-incentives that keep your best people engaged and loyal.",https://www.orangejelly.co.uk/images/blog/staff-motivation-hacks-no-pay-rise.png,article,Staff Motivation Hacks When You Can't Afford Pay Rises | Staff Motivation Hacks When You Cannot Afford Pay Rises,1. Make recognition daily | 2. Offer choice and flexibility | 3. Invest in development time | 4. Use micro-incentives | 5. Share the numbers | 6. Upgrade the staff experience | Common mistakes | Quick checklist | Mini FAQ | Keep reading,We do this for pubs every week | How we can help | Peter Pitcher | Keep exploring proven tactics | Pub Recruitment: How to Hire (and Keep) Great Bar Staff | Summer Pub Marketing: Five Ways to Turn Footfall into Revenue | Autumn Pub Event Ideas: The Playbook for Sept–Nov | Orange Jelly,865,2026-06-16T06:56:25.903002+00:00
https://www.orangejelly.co.uk/licensees-guide/how-to-run-successful-pub-events,200,How to Run Successful Pub Events (Complete Guide),49,"The complete guide to profitable pub events. Planning, promotion, and execution systems that grew our table bookings 403%. Templates included.",142,https://www.orangejelly.co.uk/licensees-guide/how-to-run-successful-pub-events,How to Run Successful Pub Events (Complete Guide),"The complete guide to profitable pub events. Planning, promotion, and execution systems that grew our table bookings 403%. Templates included.",https://www.orangejelly.co.uk/images/blog/how-to-run-successful-pub-events.png,article,How to Run Successful Pub Events: A Complete Guide to Profitable Functions | How to Run Successful Pub Events: The Complete Guide to Filling Your Pub With Profitable Events,Pub Event Ideas That Actually Make Money | Step 1: Choose the Right Concept | Step 2: Build the Pricing Model | Step 3: Promote Early and Consistently | Step 4: Run the Night With a Script | Step 5: Follow Up Within 48 Hours | Step 6: Track What Works and Iterate | Common Event Mistakes to Avoid | Building Your Events Calendar | Making Events Pay for Themselves | Your Event Launch Checklist | The Bottom Line | Keep reading,"The Reliable Money-Makers | Events for Specific Nights | Free Entry, Drink Revenue | Ticketed or Deposit | Bundle Pricing | The 3-Week Promotion Plan | Channels That Work for Pubs | Sample Run Sheet: Quiz Night | Want hands-on help? | How we can help | Peter Pitcher | Keep exploring proven tactics | Autumn Pub Event Ideas: The Playbook for Sept–Nov | Autumn Internationals 2026: Fill Your Pub for the Rugby | Black Friday Ideas for Pubs: Turn It Into Bookings | Orange Jelly",3086,2026-06-16T06:56:25.903002+00:00
https://www.orangejelly.co.uk/licensees-guide/sober-october-low-no-alcohol-pubs,200,Non Alcoholic Beer & a Low/No Bar That Sells: Sober October,59,"Non alcoholic beer that sells in your pub, plus a small alcohol free bar: low and no alcohol drinks, a non alcoholic drinks menu and Sober October done right.",158,https://www.orangejelly.co.uk/licensees-guide/sober-october-low-no-alcohol-pubs,Non Alcoholic Beer & a Low/No Bar That Sells: Sober October,"Non alcoholic beer that sells in your pub, plus a small alcohol free bar: low and no alcohol drinks, a non alcoholic drinks menu and Sober October done right.",https://www.orangejelly.co.uk/images/blog/sober-october-low-no-alcohol-pubs.svg,article,Non Alcoholic Beer & a Low/No Bar That Sells: Sober October | Non Alcoholic Beer & a Low/No Bar That Sells: Your Sober October Plan,"Start your alcohol free bar with one great non alcoholic beer | Make pacing the easy choice | Pair it with food, not just thirst | Give your team the words | Now the money bit | Promote October, then keep the winners | Your first move | FAQs | Keep reading",Want hands-on help? | How we can help | Peter Pitcher | Keep exploring proven tactics | Autumn Pub Event Ideas: The Playbook for Sept–Nov | Autumn Internationals 2026: Fill Your Pub for the Rugby | Black Friday Ideas for Pubs: Turn It Into Bookings | Orange Jelly,2953,2026-06-16T06:56:25.903002+00:00
https://www.orangejelly.co.uk/licensees-guide/category/turnaround,200,Turnaround - The Licensee's Guide | Orange Jelly,48,"Crisis management, empty pub recovery, and community reconnection",65,https://www.orangejelly.co.uk/licensees-guide/category/turnaround,Turnaround - The Licensee's Guide | Orange Jelly,"Crisis management, empty pub recovery, and community reconnection",https://www.orangejelly.co.uk/images/og-default.jpg,website,Turnaround,,How to Fill Empty Pub Tables: 15 Strategies That Actually Work | Community Outreach Ideas That Reintroduce Your Pub to the Neighbourhood | Start Planning Christmas Now: 30 Festive Ideas to Secure December Bookings Early | Why Is My Pub Empty? 12 Brutal Truths and How to Fix Them | The Turnaround Playbook: How Independent Bars Bounce Back Fast | Checklist: 30-Day Action Plan to Stabilise a Struggling Hospitality Business | 35 Summer Pub Events That Actually Make Money (Not Just Noise) | 9 Revenue Levers Every Struggling Pub Should Pull Today | Recession-Proof Pub Strategies: How to Thrive When Customers Tighten Their Belts | Should You Refurb Your Pub? What to Fix First for Under £5K | Why Your Pub is Empty on Tuesday Nights (And How to Fix It) | Kitchen Nightmares: When Your Chef Quits on a Saturday Night | Profitable Pub Food Menu Ideas: High-Margin Dishes That Actually Sell | 25 Low Budget Pub Marketing Ideas That Actually Work | Orange Jelly,763,2026-06-16T06:56:25.903002+00:00
https://www.orangejelly.co.uk/licensees-guide/community-outreach-reintroduce-pub,200,Community Outreach to Reintroduce Your Pub,42,"Reconnect your pub with the neighbourhood through purposeful outreach. Schools, clubs, and charity partnerships that turn goodwill into bookings.",145,https://www.orangejelly.co.uk/licensees-guide/community-outreach-reintroduce-pub,Community Outreach to Reintroduce Your Pub,"Reconnect your pub with the neighbourhood through purposeful outreach. Schools, clubs, and charity partnerships that turn goodwill into bookings.",https://www.orangejelly.co.uk/images/blog/community-outreach-reintroduce-pub.webp,article,Community Outreach Ideas That Reintroduce Your Pub to the Neighbourhood | Community Outreach Ideas That Reintroduce Your Pub to the Neighbourhood,Layer 1: Show up where locals already are | Layer 2: Collaborate with local partners | Layer 3: Become essential to the community | How to choose the right outreach idea | Example 90-day outreach plan | Common mistakes | Quick checklist | Mini FAQ | Keep reading,Need help putting this into practice? | How we can help | Peter Pitcher | Keep exploring proven tactics | How to Fill Empty Pub Tables: 15 Strategies That Actually Work | Start Planning Christmas Now: 30 Festive Ideas to Secure December Bookings Early | Why Is My Pub Empty? 12 Brutal Truths and How to Fix Them | Orange Jelly,1010,2026-06-16T06:56:25.903002+00:00
https://www.orangejelly.co.uk/licensees-guide/quiz-night-ideas,200,Quiz Night Ideas: 25 Pub Quiz Formats That Pack Tables,54,"25 quiz night ideas that fill pubs weekly. Formats, round ideas, and hosting tips from a pub that grew table bookings 403%. Steal our system.",141,https://www.orangejelly.co.uk/licensees-guide/quiz-night-ideas,Quiz Night Ideas: 25 Pub Quiz Formats That Pack Tables,"25 quiz night ideas that fill pubs weekly. Formats, round ideas, and hosting tips from a pub that grew table bookings 403%. Steal our system.",https://www.orangejelly.co.uk/images/blog/quiz-night-ideas.png,article,Quiz Night Ideas: 25 Formats That Pack Your Pub Every Week | Quiz Night Ideas: 25 Formats That Pack Your Pub Every Week,Cluster 1: Format upgrades | Cluster 2: Interactive rounds | Cluster 3: Theme nights | Cluster 4: Prize and loyalty mechanics | Hosting tips that matter | Common mistakes | Quick checklist | Mini FAQ | Keep reading,Want hands-on help? | How we can help | Peter Pitcher | Keep exploring proven tactics | Autumn Pub Event Ideas: The Playbook for Sept–Nov | Autumn Internationals 2026: Fill Your Pub for the Rugby | Black Friday Ideas for Pubs: Turn It Into Bookings | Orange Jelly,938,2026-06-16T06:56:25.903002+00:00
https://www.orangejelly.co.uk/licensees-guide/pub-insurance-cover-guide,200,Pub Insurance: What Cover You Need and What It Costs,52,"What insurance does a pub need? Public liability, employers liability, buildings, contents, and business interruption explained with realistic UK costs and an annual review checklist.",183,https://www.orangejelly.co.uk/licensees-guide/pub-insurance-cover-guide,Pub Insurance: What Cover You Need and What It Costs,"What insurance does a pub need? Public liability, employers liability, buildings, contents, and business interruption explained with realistic UK costs and an annual review checklist.",https://www.orangejelly.co.uk/images/blog/pub-insurance-cover-guide.svg,article,Pub Insurance: What Cover You Need and What It Costs | Pub Insurance: What Cover You Need and What It Costs,Public liability insurance | Employers liability insurance | Buildings and contents insurance | Business interruption insurance | Product liability insurance | How much does pub insurance actually cost? | What to look for in a policy | Common insurance mistakes | Annual insurance review checklist | Getting the right advice | Keep reading,What it covers | What level of cover do you need? | Typical cost | The legal position | What it covers | Who counts as an employee? | Typical cost | If you own the freehold | If you are a leaseholder or tenant | What to watch for | Typical cost | Why it matters | What to look for | Typical cost | What it covers | Why it matters for pubs specifically | Typical cost | Factors that affect your premium | Use a specialist broker | Check excess levels | Read the exclusions | Review annually | Underinsuring your contents | Not updating after a refurbishment | Assuming the pubco covers everything | Not disclosing changes | Choosing price over cover | Want hands-on help? | How we can help | Peter Pitcher | Keep exploring proven tactics | Wet-Led vs Food-Led Pubs: Understanding Your Revenue Model | Food Allergies and GDPR: The Compliance Nightmares That Could Close You Down | How Much Profit Does a Pub Make? Realistic Numbers for 2026 | Orange Jelly,3124,2026-06-16T06:56:25.903002+00:00
https://www.orangejelly.co.uk/licensees-guide/pop-up-events-for-pubs,200,Pop-Up Events for Pubs: Formats That Fill Quiet Nights,54,"Pop-up events for pubs that fill quiet nights: street food, guest chefs, makers markets and themed takeovers, plus how to plan, price, promote and run them.",156,https://www.orangejelly.co.uk/licensees-guide/pop-up-events-for-pubs,Pop-Up Events for Pubs: Formats That Fill Quiet Nights,"Pop-up events for pubs that fill quiet nights: street food, guest chefs, makers markets and themed takeovers, plus how to plan, price, promote and run them.",https://www.orangejelly.co.uk/images/blog/fizz-street-food-pop-up.webp,article,Pop-Up Events for Pubs: Formats That Fill Quiet Nights | Pop-Up Events for Pubs: Formats That Fill Quiet Nights,"What a pop-up event actually is | Why pop-ups work when you're already stretched | Pick one format (and stick with it for a while) | How to find and brief a partner | Pricing and bundles | A 90-minute run-sheet | Promote it like a monthly ritual, not a one-off | Licensing, allergens and safety | What to measure | Your first pop-up: a two-week plan | FAQs | Keep reading",Want hands-on help? | How we can help | Peter Pitcher | Keep exploring proven tactics | Autumn Pub Event Ideas: The Playbook for Sept–Nov | Autumn Internationals 2026: Fill Your Pub for the Rugby | Black Friday Ideas for Pubs: Turn It Into Bookings | Orange Jelly,2500,2026-06-16T06:56:25.903002+00:00
https://www.orangejelly.co.uk/licensees-guide/brewery-tie-improve-your-deal,200,"Pub Lease Guide: Leases, Tenancies and Brewery Ties",51,"Complete guide to pub leases, tenancies and brewery ties. Understand your agreement, negotiate better terms, know your Pubs Code rights, and plan finances.",155,https://www.orangejelly.co.uk/licensees-guide/brewery-tie-improve-your-deal,"Pub Lease Guide: Leases, Tenancies and Brewery Ties","Complete guide to pub leases, tenancies and brewery ties. Understand your agreement, negotiate better terms, know your Pubs Code rights, and plan finances.",https://www.orangejelly.co.uk/images/blog/brewery-tie-improve-your-deal.png,article,"The Complete Guide to Pub Leases, Tenancies and Brewery Ties | The Complete Guide to Pub Leases, Tenancies and Brewery Ties",Types of Pub Agreement | Understanding the Brewery Tie | How to Negotiate Your Pub Lease | Your Rights as a Pub Tenant | Lease Renewal and Exit | Financial Planning for Pub Lease Holders | Need Help Making Sense of Your Pub Lease? | Your Action Plan | Common Mistakes to Avoid | Common Objections Solved | The Bottom Line | Get Expert Support | Keep reading,Pub Lease | Pub Tenancy | Managed House | Free House | What the Tie Means | How It Works in Practice | The Pros and Cons | What Is Actually Negotiable | Negotiation Tactics That Work | Common Negotiation Mistakes | The Pubs Code and the Adjudicator | The MRO Option | Tied vs Free Pricing | The Landlord and Tenant Act 1954 | Renewal Options | Break Clauses | Dilapidations | Rent Benchmarks | The Wet and Dry Split | Hidden Costs to Budget For | Cash Flow Planning | Week 1-2: Understand Your Position | Week 3-4: Gather Evidence | Week 5-6: Build Your Case | Week 7-8: Have the Conversation | Week 9-12: Implement and Track | Ongoing | Want hands-on help? | How we can help | Peter Pitcher | Keep exploring proven tactics | Wet-Led vs Food-Led Pubs: Understanding Your Revenue Model | Food Allergies and GDPR: The Compliance Nightmares That Could Close You Down | How Much Profit Does a Pub Make? Realistic Numbers for 2026 | Orange Jelly,4122,2026-06-16T06:56:25.903002+00:00
https://www.orangejelly.co.uk/pub-marketing-kent,200,Pub Marketing in Kent — Drive Local Footfall | Orange Jelly,59,"Pub marketing consultant for Kent pubs in Canterbury, Maidstone, Tunbridge Wells, and across the county. Proven systems from a licensee. Packages from £375 + VAT.",162,https://www.orangejelly.co.uk/pub-marketing-kent,Pub Marketing in Kent — Drive Local Footfall | Orange Jelly,"Pub marketing consultant for Kent pubs in Canterbury, Maidstone, Tunbridge Wells, and across the county. Proven systems from a licensee. Packages from £375 + VAT.",https://www.orangejelly.co.uk/images/og-default.jpg,website,Pub Marketing for Kent Pubs,What works in Kent (and what doesn't) | What's working for Kent pubs right now | Where to start | Also Serving Pubs Across the South East | Want more customers through the door in Kent? | Common Questions,Lean into Kent's hop heritage | Coastal tourism done right | Turn summer visitors into regulars | Channel and business corridor trade | Start with pub marketing fundamentals | Stop falling trade | See our packages | Can you help Kent pubs deal with seasonality? | What about pubs in regeneration areas like Margate and Folkestone? | Can beer festivals and hop heritage events really work? | Orange Jelly,660,2026-06-16T06:56:25.903002+00:00
https://www.orangejelly.co.uk/licensees-guide/turn-heating-costs-into-winter-wins,200,Pub Heating Costs: Turn Winter Into Revenue,43,"Turn winter heating costs into pub revenue. Hot drinks, seasonal events, and smart pricing that cover the spike and boost cold-weather trade.",141,https://www.orangejelly.co.uk/licensees-guide/turn-heating-costs-into-winter-wins,Pub Heating Costs: Turn Winter Into Revenue,"Turn winter heating costs into pub revenue. Hot drinks, seasonal events, and smart pricing that cover the spike and boost cold-weather trade.",https://www.orangejelly.co.uk/images/blog/turn-heating-costs-into-winter-wins.png,article,Winter's Coming: Your Simple Guide to Turning Cold Weather Into Cash,The Real Problem | Turn Temperature Into Theatre | Hot Drinks That Actually Sell | Transform Dead Time Into Profit | Weekend Winter Experiences | The Psychology of Warmth | Your Action Plan | Results You Can Expect | Common Objections Solved | The Unexpected Benefits | The Bottom Line | Keep reading,Create Winter Comfort Zones | Beyond Basic Coffee | Afternoon Coffee Clubs | Addressing the Weekend Challenge | Price Perception Changes With Temperature | Week 1: Foundation | Week 2: Momentum | Week 3: Acceleration | Immediate (Week 1) | Month 1 | Month 3-6 | Want hands-on help? | How we can help | Peter Pitcher | Keep exploring proven tactics | How to Attract Families to Your Pub: Activities That Fill Tables | Why Your EPOS Data Is the Key to a Revenue Comeback | Energy Bill Shock? Immediate Ways to Cut Venue Costs | Orange Jelly,1949,2026-06-16T06:56:25.903002+00:00
https://www.orangejelly.co.uk/licensees-guide/category/revenue-growth,200,Revenue & Growth - The Licensee's Guide | Orange Jelly,54,"Cash flow, pricing, sales tactics, and financial planning for pubs",66,https://www.orangejelly.co.uk/licensees-guide/category/revenue-growth,Revenue & Growth - The Licensee's Guide | Orange Jelly,"Cash flow, pricing, sales tactics, and financial planning for pubs",https://www.orangejelly.co.uk/images/og-default.jpg,website,Revenue & Growth,,How to Attract Families to Your Pub: Activities That Fill Tables | Why Your EPOS Data Is the Key to a Revenue Comeback | Energy Bill Shock? Immediate Ways to Cut Venue Costs | Your Drinks Are Making Half The Profit They Should - Here's The Fix | Cashflow Fixes: Immediate Steps When Trade Drops Off a Cliff | Upselling Secrets: Training Scripts That Don't Sound Pushy | Winter's Coming: Your Simple Guide to Turning Cold Weather Into Cash | Survive the Off-Season: Packages That Keep Revenue Coming | Rescue Your Margins: The Drinks Mix That Keeps Money in the Till | Handling Rent and Supplier Negotiations When Cash Is Tight | Cash Flow Crisis Every Month? Breaking the Feast-or-Famine Cycle | Menu Engineering Tricks to Lift Average Spend Fast | Orange Jelly,651,2026-06-16T06:56:25.903002+00:00
https://www.orangejelly.co.uk/licensees-guide/instagram-marketing-for-pubs,200,Instagram Marketing for Pubs (What to Post),43,"Instagram marketing for pubs: what to post, when to post, and how to turn food photos into foot traffic. Simple system from a working pub.",138,https://www.orangejelly.co.uk/licensees-guide/instagram-marketing-for-pubs,Instagram Marketing for Pubs (What to Post),"Instagram marketing for pubs: what to post, when to post, and how to turn food photos into foot traffic. Simple system from a working pub.",https://www.orangejelly.co.uk/images/blog/instagram-marketing-for-pubs.png,article,Instagram Marketing for Pubs: Turn Food Photos Into Foot Traffic | Instagram Marketing for Pubs: Turn Food Photos Into Foot Traffic,Step 1: Set a visual standard | Step 2: Build three content pillars | Step 3: Post with a clear CTA | Step 4: Use stories for urgency | Step 5: Engage locally | Common mistakes | Quick checklist | Mini FAQ | Keep reading,Want hands-on help? | How we can help | Peter Pitcher | Keep exploring proven tactics | Summer Pub Marketing: Five Ways to Turn Footfall into Revenue | Your Pub Marketing Plan for 2026: Month-by-Month Guide | Pub Chalkboard & A-Board Ideas That Actually Drive Footfall | Orange Jelly,859,2026-06-16T06:56:25.903002+00:00
https://www.orangejelly.co.uk/licensees-guide/email-marketing-pub-retention,200,Email Marketing for Pubs (Build Repeat Trade),45,"Email marketing for pubs: build a database, send campaigns that convert, and turn one-time visitors into regulars. Simple system, real results.",143,https://www.orangejelly.co.uk/licensees-guide/email-marketing-pub-retention,Email Marketing for Pubs (Build Repeat Trade),"Email marketing for pubs: build a database, send campaigns that convert, and turn one-time visitors into regulars. Simple system, real results.",https://www.orangejelly.co.uk/images/blog/email-marketing-pub-retention.png,article,Email Marketing for Pubs: Build a Database That Drives Repeat Business | Email Marketing for Pubs: Build a Database That Drives Repeat Business,Step 1: Build the list the right way | Step 2: Create a welcome sequence | Step 3: Choose a weekly rhythm | Step 4: Segment lightly | Step 5: Measure the basics | 90-day plan | Capture details while summer trade is high | Common mistakes | Quick checklist | Mini FAQ | Keep reading,Want hands-on help? | How we can help | Peter Pitcher | Keep exploring proven tactics | Summer Pub Marketing: Five Ways to Turn Footfall into Revenue | Your Pub Marketing Plan for 2026: Month-by-Month Guide | Instagram Marketing for Pubs: Turn Food Photos Into Foot Traffic | Orange Jelly,1013,2026-06-16T06:56:25.903002+00:00
https://www.orangejelly.co.uk/licensees-guide/pub-health-safety-checklist,200,Pub Health and Safety: The Licensee's Practical Checklist,57,"A practical health and safety checklist for pub licensees. Risk assessments, fire safety, COSHH, cellar safety, noise management, and inspection prep from a working publican.",174,https://www.orangejelly.co.uk/licensees-guide/pub-health-safety-checklist,Pub Health and Safety: The Licensee's Practical Checklist,"A practical health and safety checklist for pub licensees. Risk assessments, fire safety, COSHH, cellar safety, noise management, and inspection prep from a working publican.",https://www.orangejelly.co.uk/images/blog/pub-health-safety-checklist.svg,article,Pub Health and Safety: The Licensee's Practical Checklist | Pub Health and Safety: The Licensee's Practical Checklist,"Why this matters more than you think | Risk assessments: the foundation of everything | Fire safety: exits, extinguishers, and drills | Cellar safety | Glass management | COSHH: chemicals under control | Accident book and RIDDOR | First aid | Noise management | Outdoor areas and beer gardens | How to prepare for an inspection | Your review cycle: weekly, monthly, and annual | Employers liability and the health and safety law poster | Making it stick: building a safety culture | The bottom line | Keep reading",What you need to assess | How to write them | Common mistakes | Your fire safety checklist | Kitchen-specific fire safety | Gas safety | Manual handling in the cellar | Cellar cleanliness | Your glass policy should cover | What you need | When to report to RIDDOR | What you need | Prevention is everything | If you receive a complaint | Your inspection-ready folder | During the inspection | Weekly checks | Monthly checks | Annual checks | Want hands-on help? | How we can help | Peter Pitcher | Keep exploring proven tactics | Wet-Led vs Food-Led Pubs: Understanding Your Revenue Model | Food Allergies and GDPR: The Compliance Nightmares That Could Close You Down | How Much Profit Does a Pub Make? Realistic Numbers for 2026 | Orange Jelly,3642,2026-06-16T06:56:25.903002+00:00
https://www.orangejelly.co.uk/ways-to-work/turnaround-intensive,200,Pub Turnaround Intensive — 30-Day Commercial Reset | Orange Jelly,65,"A 30-day commercial reset for pubs needing a complete turnaround. Deep diagnostic, offer reset, lean website rebuild, and stabilisation playbooks.",146,https://www.orangejelly.co.uk/ways-to-work/turnaround-intensive,Pub Turnaround Intensive — 30-Day Commercial Reset | Orange Jelly,"A 30-day commercial reset for pubs needing a complete turnaround. Deep diagnostic, offer reset, lean website rebuild, and stabilisation playbooks.",https://www.orangejelly.co.uk/images/og-default.jpg,website,Turnaround Intensive,What's included | Light-touch support | Available as add-ons | To keep this package focused | How it works | Results from The Anchor | Ready to get started? | Website Rebuild Scope,Flexible payment options available | Included in Package | Separate Scope | Orange Jelly,583,2026-06-16T06:56:25.903002+00:00
https://www.orangejelly.co.uk/licensees-guide/premium-pub-positioning,200,Premium Pub Positioning: Go Upmarket Profitably,47,"Position your pub as a premium destination. Craft drinks, chef partnerships, tasting events, and service upgrades that justify higher prices.",141,https://www.orangejelly.co.uk/licensees-guide/premium-pub-positioning,Premium Pub Positioning: Go Upmarket Profitably,"Position your pub as a premium destination. Craft drinks, chef partnerships, tasting events, and service upgrades that justify higher prices.",https://www.orangejelly.co.uk/images/blog/premium-pub-positioning.png,article,Premium Pub Positioning: How to Go Upmarket and Increase Profits | Premium Pub Positioning: How to Go Upmarket and Increase Profits,The Premium Paradox: Why Expensive Can Be More Attractive | Understanding the Premium Customer Mindset | The Five Pillars of Premium Positioning | Strategic Implementation: The Transformation Roadmap | Pricing Psychology: The Art of Premium | Premium Marketing: Attracting the Right Customers | Managing the Transition: Common Challenges | Measuring Premium Success | Examples from the Trade: Premium Positioning | FAQs | Your Premium Positioning Action Plan | The Premium Promise | Frequently Asked Questions | Keep reading,"The Premium Pub Customer: | What They're NOT: | 1. Product Excellence: The Non-Negotiable Foundation | 2. Service Sophistication: The Emotional Differentiator | 3. Atmosphere Architecture: Designing Premium Feelings | 4. Experience Engineering: Beyond Food and Drink | 5. Brand Building: Perception Management | Phase 1: Foundation (Months 1-3) | Phase 2: Evolution (Months 4-6) | Phase 3: Establishment (Months 7-12) | The Price-Quality Signal | Justifying Premium Prices | Digital Sophistication | Partnership Positioning | Challenge 1: Existing Customer Resistance | Challenge 2: Staff Capability | Challenge 3: Cash Flow During Transition | Financial Metrics | Quality Metrics | Brand Metrics | The Marksman, London | The Pipe and Glass, Yorkshire | The Sportsman, Kent | Won't I lose all my regular customers? | How much investment is required? | What if there's no premium market locally? | How quickly can I increase prices? | Should I change my pub's name? | What's the biggest mistake in going premium? | Week 1-2: Research and Reality Check | Week 3-4: Strategy Development | Month 2: Foundation Changes | Month 3-6: Build Momentum | Month 6-12: Embed Excellence | How quickly will I see results? | How much will this cost to implement? | Can this work for my type of pub? | Do you offer payment plans? | Do you offer payment plans? | Want hands-on help? | How we can help | Peter Pitcher | Keep exploring proven tactics | Summer Pub Marketing: Five Ways to Turn Footfall into Revenue | Your Pub Marketing Plan for 2026: Month-by-Month Guide | Instagram Marketing for Pubs: Turn Food Photos Into Foot Traffic | Orange Jelly",2449,2026-06-16T06:56:25.903002+00:00
https://www.orangejelly.co.uk/licensees-guide/cash-flow-crisis-breaking-cycle,410,,0,,0,,,,,,,,,0,2026-06-16T06:56:25.903002+00:00
https://www.orangejelly.co.uk/licensees-guide/how-much-profit-does-a-pub-make,200,How Much Profit Does a Pub Make? Realistic Numbers for 2026,59,"Real pub profit benchmarks for 2026: wet GP, food GP, labour, rent, and take-home pay. From a licensee who grew food revenue 98% and table bookings 403%.",153,https://www.orangejelly.co.uk/licensees-guide/how-much-profit-does-a-pub-make,How Much Profit Does a Pub Make? Realistic Numbers for 2026,"Real pub profit benchmarks for 2026: wet GP, food GP, labour, rent, and take-home pay. From a licensee who grew food revenue 98% and table bookings 403%.",https://www.orangejelly.co.uk/images/blog/how-much-profit-does-a-pub-make.svg,article,How Much Profit Does a Pub Make? Realistic Numbers for 2026 | How Much Profit Does a Pub Make? Realistic Numbers for 2026,What does average pub turnover look like in the UK? | The anatomy of pub gross profit | Where does the rest of the money go? | What is actually left? Realistic net profit scenarios | How to calculate your pub break-even point | Where the money leaks: the five biggest profit killers | What you can actually do about it this week | Results you can expect | Common objections | The bottom line | Keep reading,Wet GP targets (drinks) | Food GP targets | Labour costs: 25 — 30% of turnover | Rent: 10 — 15% of turnover | Rates and utilities: 5 — 8% of turnover | Other overheads: 5 — 10% of turnover | Scenario 1: Wet-led community pub | Scenario 2: Community pub with food | Scenario 3: The pub that is haemorrhaging | The formula | Step by step | Why this matters | 1. Unmanaged food cost | 2. Overstaffing quiet sessions | 3. Stock shrinkage and waste | 4. Not reviewing supplier prices | 5. Pricing lag | Week 1: Know your numbers | Week 2: Fix the biggest gap | Week 3: Build the habit | Want hands-on help? | How we can help | Peter Pitcher | Keep exploring proven tactics | Wet-Led vs Food-Led Pubs: Understanding Your Revenue Model | Food Allergies and GDPR: The Compliance Nightmares That Could Close You Down | Pub Toilet Refurbishment: Make a Great Impression on a Budget | Orange Jelly,3486,2026-06-16T06:56:25.903002+00:00
https://www.orangejelly.co.uk/licensees-guide/low-cost-decor-refreshes-new-improved,200,Low-Cost Pub Decor Refreshes That Signal Change,47,"Affordable pub decor moves that scream fresh energy. Paint, signage, lighting, and furniture hacks that transform your space without builders.",142,https://www.orangejelly.co.uk/licensees-guide/low-cost-decor-refreshes-new-improved,Low-Cost Pub Decor Refreshes That Signal Change,"Affordable pub decor moves that scream fresh energy. Paint, signage, lighting, and furniture hacks that transform your space without builders.",https://www.orangejelly.co.uk/images/blog/low-cost-decor-refreshes-new-improved.png,article,"Low-Cost Decor Refreshes that Signal 'New and Improved' | Low-Cost Decor Refreshes that Signal ""New and Improved""",1. Repaint the high-visibility zones | 2. Upgrade signage and menus | 3. Refresh seating without replacing | 4. Layer lighting | 5. Bring the outside in | 6. Curate talking points | Common mistakes | Quick checklist | Mini FAQ | Keep reading,Want hands-on help? | How we can help | Peter Pitcher | Keep exploring proven tactics | Wet-Led vs Food-Led Pubs: Understanding Your Revenue Model | Food Allergies and GDPR: The Compliance Nightmares That Could Close You Down | How Much Profit Does a Pub Make? Realistic Numbers for 2026 | Orange Jelly,890,2026-06-16T06:56:25.903002+00:00
https://www.orangejelly.co.uk/licensees-guide/young-people-wont-come-to-your-pub,200,Attract Young People to Your Pub (18-30s Guide),47,"Proven strategies to attract 18-30s to your pub. Instagram moments, events they want, and atmosphere fixes that beat their sofa. No gimmicks.",141,https://www.orangejelly.co.uk/licensees-guide/young-people-wont-come-to-your-pub,Attract Young People to Your Pub (18-30s Guide),"Proven strategies to attract 18-30s to your pub. Instagram moments, events they want, and atmosphere fixes that beat their sofa. No gimmicks.",https://www.orangejelly.co.uk/images/blog/young-people-wont-come-to-your-pub.png,article,Young People Won't Come to Your Pub? Here's How to Change That,"The Real Problem (It's Not What You Think) | Create Instagram-Worthy Moments (Without Being Cringe) | Events They Actually Want | The Non-Alcoholic Revolution | Build a Vibe, Not a Venue | Staff Are Everything | The Community Approach | Digital Presence That Doesn't Try Too Hard | Price It Right | Start Small, Test Everything | The Results You Can Expect | Your Action Plan | Frequently Asked Questions | Keep reading",Won't I alienate my older regulars? | How do I stop it becoming a rowdy student bar? | What if I can't afford renovations? | Should I get on TikTok? | Want hands-on help? | How we can help | Peter Pitcher | Keep exploring proven tactics | Summer Pub Marketing: Five Ways to Turn Footfall into Revenue | Your Pub Marketing Plan for 2026: Month-by-Month Guide | Instagram Marketing for Pubs: Turn Food Photos Into Foot Traffic | Orange Jelly,1693,2026-06-16T06:56:25.903002+00:00
https://www.orangejelly.co.uk/licensees-guide/category/marketing,200,Marketing - The Licensee's Guide | Orange Jelly,47,"Social media, online reputation, customer acquisition, and local marketing",74,https://www.orangejelly.co.uk/licensees-guide/category/marketing,Marketing - The Licensee's Guide | Orange Jelly,"Social media, online reputation, customer acquisition, and local marketing",https://www.orangejelly.co.uk/images/og-default.jpg,website,Marketing,,Summer Pub Marketing: Five Ways to Turn Footfall into Revenue | Your Pub Marketing Plan for 2026: Month-by-Month Guide | Instagram Marketing for Pubs: Turn Food Photos Into Foot Traffic | Pub Chalkboard & A-Board Ideas That Actually Drive Footfall | Facebook Marketing for Local Pubs: Your Community Connection Goldmine | Email Marketing for Pubs: Build a Database That Drives Repeat Business | Pub Content That Fills Seats: What to Post and When | How to Compete with Wetherspoons: A Survival Guide for Independent Pubs | Google Business Profile for Pubs: The Complete Setup Guide | Young People Won't Come to Your Pub? Here's How to Change That | How to Respond to Bad Pub Reviews (Without Making It Worse) | How to Win Back Locals After Months of Slow Trade | How to Build a Loyalty Scheme That Fills the Pub Every Friday | Social Media Tactics That Drive Footfall in Seven Days | The Complete Social Media Strategy Guide for Pubs in 2025 | Does Your Pub Need a Website? What Actually Works in 2026 | Terrible Online Reviews Ruining Your Reputation? The Damage Control Guide | How to Differentiate Your Pub: 15 Unique Ideas That Actually Work | Premium Pub Positioning: How to Go Upmarket and Increase Profits | Partnering with Local Brands to Share Marketing Costs | Orange Jelly,999,2026-06-16T06:56:25.903002+00:00
https://www.orangejelly.co.uk/licensees-guide/christmas-pub-event-ideas,200,The Christmas Pub Playbook: How to Fill December and Ring in the New Year,73,"A practical Christmas plan for pubs — gifting, December party season, New Year's Eve, Dry January and warming winter nights. The festive moments that fill tables and how to run them.",182,https://www.orangejelly.co.uk/licensees-guide/christmas-pub-event-ideas,The Christmas Pub Playbook: How to Fill December and Ring in the New Year,"A practical Christmas plan for pubs — gifting, December party season, New Year's Eve, Dry January and warming winter nights. The festive moments that fill tables and how to run them.",https://www.orangejelly.co.uk/images/blog/christmas-pub-event-ideas.svg,article,The Christmas Pub Playbook: How to Fill December and Ring in the New Year | The Christmas Pub Playbook: How to Fill December and Ring in the New Year,"At a glance | Late November: gifting and Black Friday | December: party season | New Year's Eve | January: low and no, and a warm welcome | Your first move | FAQs | The full Christmas Pub Playbook | More for this winter","Black Friday | Cyber Monday + St Andrew's Day | Christmas party season | Christmas Day | Boxing Day | New Year's Eve | New Year's Day | Dry January / low and no | Burns Night | Want hands-on help? | How we can help | Peter Pitcher | Keep exploring proven tactics | Start Planning Christmas Now: 30 Festive Ideas to Secure December Bookings Early | Pub Christmas Bookings: How to Fill Your December Calendar | Black Friday Ideas for Pubs: Turn It Into Bookings | Wine & Cheese Evening: How to Run One in Your Pub | New Year's Eve for Pubs: Planning, Pricing & Promotion | Winter's Coming: Your Simple Guide to Turning Cold Weather Into Cash | Six Nations 2026: How to Make the Most of Rugby in Your Pub | Energy Bill Shock? Immediate Ways to Cut Venue Costs | Survive the Off-Season: Packages That Keep Revenue Coming | Seasonal Pub Events Calendar: Year-Round Ideas That Drive Revenue | Orange Jelly",2115,2026-06-16T06:56:25.903002+00:00
https://www.orangejelly.co.uk/licensees-guide/category/food-drink,200,Food & Drink - The Licensee's Guide | Orange Jelly,50,"Menu strategies, food and beverage management, and offerings",60,https://www.orangejelly.co.uk/licensees-guide/category/food-drink,Food & Drink - The Licensee's Guide | Orange Jelly,"Menu strategies, food and beverage management, and offerings",https://www.orangejelly.co.uk/images/og-default.jpg,website,Food & Drink,,Pub Drinks Menu: How to Design a Menu That Grows Revenue | Orange Jelly,243,2026-06-16T06:56:25.903002+00:00
https://www.orangejelly.co.uk/compete-with-pub-chains,200,Compete with Pub Chains - Practical Challenger Strategy | Orange Jelly,70,"Stop losing customers to chain pubs. Practical strategies to compete through differentiation, community, and experience. Packages from £375 + VAT.",146,https://www.orangejelly.co.uk/compete-with-pub-chains,Compete with Pub Chains - Practical Challenger Strategy | Orange Jelly,"Stop losing customers to chain pubs. Practical strategies to compete through differentiation, community, and experience. Packages from £375 + VAT.",https://www.orangejelly.co.uk/images/og-default.jpg,website,Stop Competing on Price. Start Winning on Experience.,You Cannot Out-Spend a Chain. But You Can Out-Care One. | How We Compete With Our Local Wetherspoons | Your Practical Advantages Over Chain Pubs | The Right Package to Build Your Challenger Position | Common Questions About Competing With Chain Pubs | Ready to Build a Stronger Independent Position?,They Have | We Have | How The Anchor Filled Empty Tables | Speed | Personality | Community | Find Your Competitive Angle | Growth Fix | Build an Unbeatable Brand | Growth Partner | Can an independent pub really compete with chains? | How much does it cost to build a challenger strategy? | How long does it take to see results? | Do I need to change my whole pub? | Orange Jelly,753,2026-06-16T06:56:25.903002+00:00
https://www.orangejelly.co.uk/licensees-guide/pub-health-check-essential-fundamentals-licensee-success,200,How to Run a Pub: The Licensee's Essential Guide,48,"Running a pub is relentless. The essentials that actually matter — licensing, money, staff, marketing, and filling tables — from a working publican.",148,https://www.orangejelly.co.uk/licensees-guide/pub-health-check-essential-fundamentals-licensee-success,How to Run a Pub: The Licensee's Essential Guide,"Running a pub is relentless. The essentials that actually matter — licensing, money, staff, marketing, and filling tables — from a working publican.",https://www.orangejelly.co.uk/images/blog/pub-health-check-essential-fundamentals.png,article,How to Run a Pub: The Licensee's Essential Guide,Before You Start: Are You Ready for This? | Daily Operations: The Engine Room | Financial Fundamentals: Know Your Numbers | Marketing Your Pub: The Basics Every Landlord Needs | Building Your Team | Customer Experience: Making People Want to Come Back | Compliance and Legal: Staying on the Right Side | Growing Revenue: Beyond Just Opening the Doors | Common Mistakes New Licensees Make | Your First 90 Days Action Plan | The Bottom Line | Frequently Asked Questions | Keep reading,"Personal Readiness | Licensing and Legal Basics | Financial Planning | Opening Procedures | Stock Management | Cash Handling | Cellar Management | Gross Profit — Your Most Important Number | Labour Costs | Overheads and Cash Flow | Key Numbers to Track Weekly | Social Media | Google Business Profile | Local Partnerships | Email and Database Marketing | Hiring | Training | Retention and Rota Management | Atmosphere | Service Standards | Building a Regular Base | Licensing Laws | Food Safety and Hygiene | Health and Safety | Insurance | Events | Food | Drinks Mix | Upselling and Average Spend | Days 1-30: Observe, Measure, Stabilise | Days 31-60: Fix and Build | Days 61-90: Grow | What qualifications do I need to run a pub? | How much does it cost to run a pub? | What gross profit percentage should a pub aim for? | How do I attract more customers to my pub? | What are the most common mistakes new pub landlords make? | How many hours a week does running a pub take? | Is running a pub profitable? | Want hands-on help? | How we can help | Peter Pitcher | Keep exploring proven tactics | Wet-Led vs Food-Led Pubs: Understanding Your Revenue Model | Food Allergies and GDPR: The Compliance Nightmares That Could Close You Down | How Much Profit Does a Pub Make? Realistic Numbers for 2026 | Orange Jelly",5185,2026-06-16T06:56:25.903002+00:00
https://www.orangejelly.co.uk/licensees-guide/epos-data-revenue-comeback,200,Use Pub EPOS Data to Drive a Revenue Comeback,45,"Turn EPOS reports into weekly pub action plans. Track covers, spend, and product mix to boost revenue with data-driven decisions.",129,https://www.orangejelly.co.uk/licensees-guide/epos-data-revenue-comeback,Use Pub EPOS Data to Drive a Revenue Comeback,"Turn EPOS reports into weekly pub action plans. Track covers, spend, and product mix to boost revenue with data-driven decisions.",https://www.orangejelly.co.uk/images/blog/epos-data-revenue-comeback.png,article,Why Your EPOS Data Is the Key to a Revenue Comeback | Why Your EPOS Data Is the Key to a Revenue Comeback,The four core metrics that matter | Build a one-page weekly dashboard | Run weekly experiments | Segment your guests | Spot hidden profit | Share insights with the team | Common mistakes | Quick checklist | Mini FAQ | Keep reading,Want hands-on help? | How we can help | Peter Pitcher | Keep exploring proven tactics | How to Attract Families to Your Pub: Activities That Fill Tables | Energy Bill Shock? Immediate Ways to Cut Venue Costs | Your Drinks Are Making Half The Profit They Should - Here's The Fix | Orange Jelly,957,2026-06-16T06:56:25.903002+00:00
https://www.orangejelly.co.uk/licensees-guide/village-pub-dying-village-survival,200,Village Pub Survival: When Your Village Shrinks,47,"Transform a struggling village pub into a destination. Wider catchment strategies, multi-use spaces, and digital tactics for rural pubs.",136,https://www.orangejelly.co.uk/licensees-guide/village-pub-dying-village-survival,Village Pub Survival: When Your Village Shrinks,"Transform a struggling village pub into a destination. Wider catchment strategies, multi-use spaces, and digital tactics for rural pubs.",https://www.orangejelly.co.uk/images/blog/village-pub-dying-village-survival.png,article,Village Pub in a Dying Village? Survival Strategies That Actually Work | Village Pub in a Dying Village? Survival Strategies That Actually Work,"Step 1: Accept the new reality | Step 2: Become a destination, not a default | Step 3: Build a multi-purpose model | Step 4: Invest in the visitor economy | Step 5: Strengthen digital presence | Step 6: Keep the community heart | Common mistakes | Quick checklist | Mini FAQ | Keep reading",Want hands-on help? | How we can help | Peter Pitcher | Keep exploring proven tactics | Summer Pub Marketing: Five Ways to Turn Footfall into Revenue | Autumn Pub Event Ideas: The Playbook for Sept–Nov | Autumn Internationals 2026: Fill Your Pub for the Rugby | Orange Jelly,870,2026-06-16T06:56:25.903002+00:00
https://www.orangejelly.co.uk/ways-to-work/momentum-month,200,Momentum Month — Ongoing Pub Marketing Support | £900/mo + VAT,62,"Ongoing monthly pub marketing support. One clear objective, weekly priorities, and hands-on help for £900/mo + VAT. Build consistent momentum.",142,https://www.orangejelly.co.uk/ways-to-work/momentum-month,Momentum Month — Ongoing Pub Marketing Support | £900/mo + VAT,"Ongoing monthly pub marketing support. One clear objective, weekly priorities, and hands-on help for £900/mo + VAT. Build consistent momentum.",https://www.orangejelly.co.uk/images/og-default.jpg,website,Momentum Month,What's included | Light-touch support | Available as add-ons | To keep this package focused | How it works | Results from The Anchor | Ready to get started?,Flexible payment options available | Orange Jelly,533,2026-06-16T06:56:25.903002+00:00
https://www.orangejelly.co.uk/licensees-guide/restart-quiz-music-sport-roi,200,"Restart Pub Quiz, Music and Sport for Max ROI",45,"Relaunch pub entertainment nights with profit-focused planning. Pre-booking, tiered experiences, and bar bundles that make every night pay.",139,https://www.orangejelly.co.uk/licensees-guide/restart-quiz-music-sport-roi,"Restart Pub Quiz, Music and Sport for Max ROI","Relaunch pub entertainment nights with profit-focused planning. Pre-booking, tiered experiences, and bar bundles that make every night pay.",https://www.orangejelly.co.uk/images/blog/restart-quiz-music-sport-roi.png,article,"Restarting Your Quiz, Live Music, and Sport Nights for Maximum ROI | Restarting Your Quiz, Live Music, and Sport Nights for Maximum ROI",Step 1: Build an 8-week calendar | Step 2: Pre-book and pre-pay | Step 3: Tier the experience | Step 4: Script the hosts | Step 5: Maximise food and drink | Step 6: Capture data and follow up | Step 7: Measure the ROI | Common mistakes | Quick checklist | Mini FAQ | Keep reading,Want hands-on help? | How we can help | Peter Pitcher | Keep exploring proven tactics | Autumn Pub Event Ideas: The Playbook for Sept–Nov | Autumn Internationals 2026: Fill Your Pub for the Rugby | Black Friday Ideas for Pubs: Turn It Into Bookings | Orange Jelly,919,2026-06-16T06:56:25.903002+00:00
https://www.orangejelly.co.uk/licensees-guide/category/events,200,Events - The Licensee's Guide | Orange Jelly,44,"Planning and running successful pub events, promotions, and entertainment",73,https://www.orangejelly.co.uk/licensees-guide/category/events,Events - The Licensee's Guide | Orange Jelly,"Planning and running successful pub events, promotions, and entertainment",https://www.orangejelly.co.uk/images/og-default.jpg,website,Events,,"Autumn Pub Event Ideas: The Playbook for Sept–Nov | Autumn Internationals 2026: Fill Your Pub for the Rugby | Black Friday Ideas for Pubs: Turn It Into Bookings | Beer Festival & Cask Ale Week: A 10-Day Plan for Pubs | The Christmas Pub Playbook: How to Fill December and Ring in the New Year | Coffee Morning Ideas for Pubs: Fundraising That Works | National Vodka Day & Drinks Days: A Pub Calendar | Oktoberfest Ideas for Pubs: How to Host Your Own | Halloween Food & Party Ideas for Pubs (+ Bonfire Night) | Non Alcoholic Beer & a Low/No Bar That Sells: Sober October | Wine & Cheese Evening: How to Run One in Your Pub | Pub Event Ideas: The Year-Round Guide to Filling Quiet Nights | Summer Moments, Simple Campaigns: an inspiring idea bank for pub teams (May to Aug) | How to Run Successful Pub Events: A Complete Guide to Profitable Functions | Six Nations 2026: How to Make the Most of Rugby in Your Pub | New Year's Eve for Pubs: Planning, Pricing & Promotion | Theme Hour Saturdays: Power Hour & Spin-to-Win Toolkit | Pop-Up Events for Pubs: Formats That Fill Quiet Nights | Quiz Night 101: Licensee Guide | Music Bingo 101: Licensee Guide | Karaoke Night 101: Licensee Guide | Family Craft Hour 101: Licensee Guide | Cash Bingo 101: Licensee Guide | Boardgame & Team Night 101: Licensee Guide | Pub Christmas Bookings: How to Fill Your December Calendar | Seasonal Pub Events Calendar: Year-Round Ideas That Drive Revenue | Restarting Your Quiz, Live Music, and Sport Nights for Maximum ROI | Quiz Night Ideas: 25 Formats That Pack Your Pub Every Week | Monday Night Pub Promotions That Actually Work (Not Another Quiz Night) | The Ultimate Pub Event Template for Guaranteed Profit Nights | Midweek Pub Offers That Actually Drive Profits (Not Just Footfall) | Live Music Events for Pubs: The Complete Guide to Booking, Hosting & Profiting | Orange Jelly",1499,2026-06-16T06:56:25.903002+00:00
https://www.orangejelly.co.uk/licensees-guide/pub-new-years-eve-planning-guide,200,"New Year's Eve for Pubs: Planning, Pricing & Promotion",54,"Plan a profitable pub New Year's Eve. Ticketing vs walk-in, pricing psychology, menu planning, entertainment, staffing, and how to convert NYE visitors into January regulars.",174,https://www.orangejelly.co.uk/licensees-guide/pub-new-years-eve-planning-guide,"New Year's Eve for Pubs: Planning, Pricing & Promotion","Plan a profitable pub New Year's Eve. Ticketing vs walk-in, pricing psychology, menu planning, entertainment, staffing, and how to convert NYE visitors into January regulars.",https://www.orangejelly.co.uk/images/blog/pub-new-years-eve-planning-guide.svg,article,"New Year's Eve for Pubs: Planning, Pricing & Promotion | New Year's Eve for Pubs: Planning, Pricing & Promotion",Ticketed event or walk-in: which model fits your pub? | Pricing psychology: perceived value versus price resistance | Menu planning for the busiest night | Entertainment that matches your crowd | Staffing the busiest night of the year | The midnight moment | Converting NYE visitors into January regulars | Your six-week NYE planning timeline | Do not forget Valentine's Day | Common NYE mistakes to avoid | The bottom line | Keep reading,Ticketed entry | Walk-in with pre-booked packages | Pure walk-in | Want hands-on help? | How we can help | Peter Pitcher | Keep exploring proven tactics | Autumn Pub Event Ideas: The Playbook for Sept–Nov | Autumn Internationals 2026: Fill Your Pub for the Rugby | Black Friday Ideas for Pubs: Turn It Into Bookings | Orange Jelly,2991,2026-06-16T06:56:25.903002+00:00
https://www.orangejelly.co.uk/quiet-midweek-solutions,200,Quiet Midweek? Fill Tuesday & Wednesday Nights,46,"Turn dead midweek nights into reliable trade with proven Tuesday and Wednesday formats tested at The Anchor, tailored to your pub. Packages from £375 + VAT.",156,https://www.orangejelly.co.uk/quiet-midweek-solutions,Quiet Midweek? Fill Tuesday & Wednesday Nights,"Turn dead midweek nights into reliable trade with proven Tuesday and Wednesday formats tested at The Anchor, tailored to your pub. Packages from £375 + VAT.",https://www.orangejelly.co.uk/images/og-default.jpg,website,Turn Quiet Midweek Nights Into Your Best Trade,Every Quiet Tuesday and Wednesday Has a Cost | How We Built Midweek Momentum at The Anchor | Proven Midweek Event Formats | A Growth Fix for Your Midweek | Common Questions About Fixing Quiet Midweek Nights | Your Midweek Momentum Starts Now,Tuesday Quiz Night | Tasting Events | How The Anchor Filled Empty Tables | Tuesday Winners | Wednesday Winners | Thursday Winners | Growth Fix | Momentum Month | Growth Partner | How quickly will I see midweek improvements? | What midweek events actually work? | Do I need a big budget to fix midweek trade? | What if I have tried events before and they did not work? | Orange Jelly,742,2026-06-16T06:56:25.903002+00:00
https://www.orangejelly.co.uk/licensees-guide/seasonal-pub-events-calendar,200,Pub Events Calendar: What to Run Each Month,43,"Month-by-month pub events calendar with profitable ideas for every season. From Burns Night to Christmas, never face a quiet period again.",138,https://www.orangejelly.co.uk/licensees-guide/seasonal-pub-events-calendar,Pub Events Calendar: What to Run Each Month,"Month-by-month pub events calendar with profitable ideas for every season. From Burns Night to Christmas, never face a quiet period again.",https://www.orangejelly.co.uk/images/blog/seasonal-pub-events-calendar.png,article,Seasonal Pub Events Calendar: Year-Round Ideas That Drive Revenue | Seasonal Pub Events Calendar: Year-Round Ideas That Drive Revenue,Q1: January to March (reset and recovery) | Q2: April to June (momentum and outdoor energy) | Q3: July to September (peak summer) | Q4: October to December (build to Christmas) | How to choose the right events | Common mistakes | Quick checklist | Mini FAQ | Keep reading,Want hands-on help? | How we can help | Peter Pitcher | Keep exploring proven tactics | Autumn Pub Event Ideas: The Playbook for Sept–Nov | Autumn Internationals 2026: Fill Your Pub for the Rugby | Black Friday Ideas for Pubs: Turn It Into Bookings | Orange Jelly,885,2026-06-16T06:56:25.903002+00:00
https://www.orangejelly.co.uk/licensees-guide/pub-halloween-bonfire-night-events,200,Pub Bonfire Night & Halloween: Events That Actually Work,56,"Practical Halloween and Bonfire Night event ideas for pubs. Themed quizzes, family daytime events, ticketed fireworks, and seasonal menus that drive real autumn revenue.",169,https://www.orangejelly.co.uk/licensees-guide/pub-halloween-bonfire-night-events,Pub Bonfire Night & Halloween: Events That Actually Work,"Practical Halloween and Bonfire Night event ideas for pubs. Themed quizzes, family daytime events, ticketed fireworks, and seasonal menus that drive real autumn revenue.",https://www.orangejelly.co.uk/images/blog/pub-halloween-bonfire-night-events.svg,article,Halloween Food & Party Ideas for Pubs (+ Bonfire Night) | Halloween Food & Party Ideas for Pubs (+ Bonfire Night),Why autumn events matter more than you think | Halloween food ideas that lift your spend | Halloween party ideas that actually fill your pub | Bonfire Night events that work for pubs | Decorating on a budget | The six-week promotion timeline | Common mistakes to avoid | Your action plan | The bottom line | FAQs | Keep reading,"The themed quiz night | The family pumpkin afternoon | The adult Halloween party night | The ticketed fireworks viewing | Bonfire Night food: the menu that protects your margin | The family sparkler evening | Six weeks out (mid-September) | Four weeks out (early October) | Two weeks out (mid-October for Halloween, late October for Bonfire Night) | One week out | Event day | The day after | Want hands-on help? | How we can help | Peter Pitcher | Keep exploring proven tactics | Autumn Pub Event Ideas: The Playbook for Sept–Nov | Autumn Internationals 2026: Fill Your Pub for the Rugby | Black Friday Ideas for Pubs: Turn It Into Bookings | Orange Jelly",4078,2026-06-16T06:56:25.903002+00:00
https://www.orangejelly.co.uk/licensees-guide/summer-pub-marketing,200,Summer Pub Marketing: Five Ways to Turn Footfall into Revenue,61,"Five ways to turn summer footfall into summer revenue: bookable reasons to visit, action-led social posts, a fresh Google listing, data capture and follow-up.",158,https://www.orangejelly.co.uk/licensees-guide/summer-pub-marketing,Summer Pub Marketing: Five Ways to Turn Footfall into Revenue,"Five ways to turn summer footfall into summer revenue: bookable reasons to visit, action-led social posts, a fresh Google listing, data capture and follow-up.",https://www.orangejelly.co.uk/images/blog/summer-pub-marketing.svg,article,Summer Pub Marketing: Five Ways to Turn Footfall into Revenue | Summer Pub Marketing: Five Ways to Turn Footfall into Revenue,1. Create bookable reasons to visit | 2. Make every post lead somewhere | 3. Keep your Google listing fresh | 4. Capture customer details while trade is high | 5. Follow up and bring people back | The summer that pays you back | FAQs | The full Summer Pub Playbook | More for this summer,"Want hands-on help? | How we can help | Peter Pitcher | Keep exploring proven tactics | 35 Summer Pub Events That Actually Make Money (Not Just Noise) | The Complete Social Media Strategy Guide for Pubs in 2025 | Google Business Profile for Pubs: The Complete Setup Guide | Email Marketing for Pubs: Build a Database That Drives Repeat Business | How to Build a Loyalty Scheme That Fills the Pub Every Friday | Summer Moments, Simple Campaigns: an inspiring idea bank for pub teams (May to Aug) | Seasonal Pub Events Calendar: Year-Round Ideas That Drive Revenue | Orange Jelly",1799,2026-06-16T06:56:25.903002+00:00
https://www.orangejelly.co.uk/licensees-guide/menu-engineering-lift-average-spend,200,Menu Engineering for Pubs: Lift Average Spend,45,"Menu engineering tactics for pubs: layout tricks, pricing ladders, and language tweaks that lift average spend. Proven at The Anchor.",133,https://www.orangejelly.co.uk/licensees-guide/menu-engineering-lift-average-spend,Menu Engineering for Pubs: Lift Average Spend,"Menu engineering tactics for pubs: layout tricks, pricing ladders, and language tweaks that lift average spend. Proven at The Anchor.",https://www.orangejelly.co.uk/images/blog/menu-engineering-lift-average-spend.png,article,Menu Engineering Tricks to Lift Average Spend Fast | Menu Engineering Tricks to Lift Average Spend Fast,Step 1: Categorise the menu by profit and popularity | Step 2: Put your stars where eyes land | Step 3: Use decoys and anchors | Step 4: Build add-on lines | Step 5: Pair food and drink on the menu | Step 6: Train the team on three scripts | Step 7: Run a two-week test | Common mistakes | Quick checklist | Mini FAQ | Keep reading,Want hands-on help? | How we can help | Peter Pitcher | Keep exploring proven tactics | How to Attract Families to Your Pub: Activities That Fill Tables | Why Your EPOS Data Is the Key to a Revenue Comeback | Energy Bill Shock? Immediate Ways to Cut Venue Costs | Orange Jelly,1012,2026-06-16T06:56:25.903002+00:00
https://www.orangejelly.co.uk/pub-marketing-agency,200,Pub Marketing Agency for Independent Pubs & Bars,48,"A pub marketing agency run by a working licensee, not account managers. Social, events, paid ads, and local SEO built for independent pubs. Packages from £375 + VAT.",165,https://www.orangejelly.co.uk/pub-marketing-agency,Pub Marketing Agency for Independent Pubs & Bars,"A pub marketing agency run by a working licensee, not account managers. Social, events, paid ads, and local SEO built for independent pubs. Packages from £375 + VAT.",https://www.orangejelly.co.uk/images/og-default.jpg,website,A Hospitality Marketing Agency That Actually Runs a Pub,Why Most Hospitality Marketing Agencies Miss the Mark | Real Numbers From a Real Pub | Clear Packages. Honest Pricing. | How Working With Us Works | Common Questions About Hospitality Marketing Agencies | Ready to Work With a Hospitality Marketing Agency That Gets It?,"Run by a licensee | Tested at The Anchor | Clear packages | Growth Fix | Momentum Month | Growth Partner | Turnaround Intensive | This is for you if... | This is not for you if... | What makes you different from a normal hospitality marketing agency? | Do you work with pubs outside London and the South East? | How much does a hospitality marketing agency cost? | Can you help with social media, events, and menus — or just one thing? | How quickly will I see results from pub marketing? | Orange Jelly",1002,2026-06-16T06:56:25.903002+00:00
https://www.orangejelly.co.uk/licensees-guide/win-back-locals-after-slow-trade,200,Win Back Pub Locals After Months of Slow Trade,46,"A reconnection plan to bring locals back to your pub. Personal invites, 30-day return sequences, and trust-rebuilding tactics that work fast.",141,https://www.orangejelly.co.uk/licensees-guide/win-back-locals-after-slow-trade,Win Back Pub Locals After Months of Slow Trade,"A reconnection plan to bring locals back to your pub. Personal invites, 30-day return sequences, and trust-rebuilding tactics that work fast.",https://www.orangejelly.co.uk/images/blog/win-back-locals-after-slow-trade.png,article,How to Win Back Locals After Months of Slow Trade | How to Win Back Locals After Months of Slow Trade,Step 1: Own the story | Step 2: Build a lapsed regulars list | Step 3: Send personal invitations | Step 4: Create a 30-day drumbeat | Step 5: Celebrate their return | Step 6: Keep the loop alive | Common mistakes | Quick checklist | Mini FAQ | Keep reading,Want hands-on help? | How we can help | Peter Pitcher | Keep exploring proven tactics | Summer Pub Marketing: Five Ways to Turn Footfall into Revenue | Your Pub Marketing Plan for 2026: Month-by-Month Guide | Instagram Marketing for Pubs: Turn Food Photos Into Foot Traffic | Orange Jelly,879,2026-06-16T06:56:25.903002+00:00
https://www.orangejelly.co.uk/contact,200,Contact Us - Speak Directly with Peter | Orange Jelly,53,"Speak directly with Peter Pitcher about pub marketing that actually works. No agency fluff — just direct, honest advice. Book a free chat today.",144,https://www.orangejelly.co.uk/contact,Contact Us - Speak Directly with Peter | Orange Jelly,"Speak directly with Peter Pitcher about pub marketing that actually works. No agency fluff — just direct, honest advice. Book a free chat today.",https://www.orangejelly.co.uk/images/og-default.jpg,website,Talk to a Hospitality Growth Partner,"Three Ways to Start Momentum | Send a Message | Direct Contact Details | Common Questions | Partner-Level Support, No Agency Layers | Ready to Build Momentum?",WhatsApp (Fastest) | Phone Call | Visit The Anchor | Why Work With Us? | What Happens Next? | Right Now: | See The Anchor in Action | How quickly can we get started? | Will I speak to someone who understands hospitality operations? | I hate pushy sales calls - will you pressure me? | I'm not in your area - can you still help? | What's the best way to contact Orange Jelly? | Next Steps | Orange Jelly,694,2026-06-16T06:56:25.903002+00:00
