query,clicks,impressions,ctr,position,page,date_range
pub event ideas,5,620,0.0081,15.26,,collected 2026-06-16
quiz night ideas,4,207,0.0193,7.69,,collected 2026-06-16
pub quiz ideas,4,107,0.0374,12.53,,collected 2026-06-16
how to run a pub quiz,2,48,0.0417,9.62,,collected 2026-06-16
pub:instagram,2,44,0.0455,8.27,,collected 2026-06-16
ideas for pub quiz rounds,2,26,0.0769,21.88,,collected 2026-06-16
social media marketing for pubs,1,380,0.0026,11.99,,collected 2026-06-16
pub entertainment ideas,1,129,0.0078,10.05,,collected 2026-06-16
pub menu ideas,1,128,0.0078,13.89,,collected 2026-06-16
ideas for pub events,1,117,0.0085,6.6,,collected 2026-06-16
fix my pub,1,109,0.0092,5.72,,collected 2026-06-16
quiz night format,1,109,0.0092,30.96,,collected 2026-06-16
pub events ideas,1,87,0.0115,12.82,,collected 2026-06-16
pub quiz topics,1,42,0.0238,10.26,,collected 2026-06-16
quiz ideas,1,25,0.04,8.0,,collected 2026-06-16
themed quiz nights,1,21,0.0476,14.33,,collected 2026-06-16
pub quiz rounds ideas,1,20,0.05,13.75,,collected 2026-06-16
pub social media ideas,1,12,0.0833,6.0,,collected 2026-06-16
pub quiz formats,1,12,0.0833,14.25,,collected 2026-06-16
cash bingo,1,9,0.1111,10.78,,collected 2026-06-16
how to run a bingo night in a pub,1,6,0.1667,5.83,,collected 2026-06-16
how to host a pub quiz,1,5,0.2,16.0,,collected 2026-06-16
best pub quiz rounds,1,5,0.2,17.2,,collected 2026-06-16
pub theme night ideas uk,1,4,0.25,19.0,,collected 2026-06-16
quiz formats,1,1,1.0,10.0,,collected 2026-06-16
pub quiz round themes,1,1,1.0,47.0,,collected 2026-06-16
event ideas for pubs,0,956,0.0,16.84,,collected 2026-06-16
pub marketing,0,666,0.0,22.26,,collected 2026-06-16
pop up events for pubs,0,501,0.0,37.56,,collected 2026-06-16
kids craft pop up events for pubs,0,356,0.0,28.37,,collected 2026-06-16
how to organise events to attract families to pubs,0,315,0.0,20.7,,collected 2026-06-16
pub marketing agency,0,304,0.0,19.64,,collected 2026-06-16
instagram services for pubs,0,256,0.0,6.99,,collected 2026-06-16
profitable menu items,0,243,0.0,18.95,,collected 2026-06-16
content creation for pubs,0,226,0.0,14.8,,collected 2026-06-16
christmas pub ideas,0,209,0.0,14.76,,collected 2026-06-16
paid social for pubs,0,207,0.0,11.23,,collected 2026-06-16
family friendly activities to increase pub footfall,0,206,0.0,32.36,,collected 2026-06-16
marketing agency for pubs,0,161,0.0,18.28,,collected 2026-06-16
digital marketing for pubs,0,137,0.0,44.0,,collected 2026-06-16
boost pub revenue with events,0,132,0.0,28.28,,collected 2026-06-16
bar refurbishment,0,127,0.0,37.02,,collected 2026-06-16
social video services for pubs,0,126,0.0,25.04,,collected 2026-06-16
facebook services for pubs,0,123,0.0,6.11,,collected 2026-06-16
pub advertising,0,122,0.0,33.25,,collected 2026-06-16
pub co branding,0,116,0.0,17.11,,collected 2026-06-16
pub loyalty scheme,0,110,0.0,15.65,,collected 2026-06-16
pub refurbishment,0,98,0.0,34.2,,collected 2026-06-16
how to manage entertainment budgets for pubs,0,97,0.0,8.82,,collected 2026-06-16
how to create a pub menu,0,94,0.0,24.68,,collected 2026-06-16
small pub entertainment ideas,0,92,0.0,4.95,,collected 2026-06-16
how to attract families to pubs,0,91,0.0,32.3,,collected 2026-06-16
pub maintenance,0,91,0.0,76.69,,collected 2026-06-16
pub loyalty cards,0,90,0.0,29.78,,collected 2026-06-16
most profitable bar food,0,89,0.0,17.37,,collected 2026-06-16
content creation services for pubs,0,86,0.0,8.77,,collected 2026-06-16
premiumisation in your pub,0,80,0.0,14.55,,collected 2026-06-16
summer pub,0,76,0.0,9.07,,collected 2026-06-16
pub promotions that work,0,75,0.0,23.79,,collected 2026-06-16
pub quiz bonus round,0,75,0.0,27.97,,collected 2026-06-16
marketing agency for bars,0,75,0.0,45.85,,collected 2026-06-16
facebook for pubs,0,69,0.0,9.12,,collected 2026-06-16
agency for pubs,0,67,0.0,24.31,,collected 2026-06-16
pub refit,0,65,0.0,29.94,,collected 2026-06-16
pubs and bars marketing solutions,0,64,0.0,10.45,,collected 2026-06-16
bar social media marketing,0,62,0.0,51.35,,collected 2026-06-16
instagram for pubs,0,60,0.0,8.32,,collected 2026-06-16
digital marketing pub,0,60,0.0,19.88,,collected 2026-06-16
pub bingo,0,59,0.0,12.61,,collected 2026-06-16
quiz night format details,0,56,0.0,10.29,,collected 2026-06-16
pub quiz format,0,55,0.0,15.58,,collected 2026-06-16
marketing agency for nightclubs,0,53,0.0,35.72,,collected 2026-06-16
quiz event ideas,0,52,0.0,12.48,,collected 2026-06-16
pub quiz themes,0,52,0.0,45.04,,collected 2026-06-16
bingo in pubs,0,51,0.0,11.06,,collected 2026-06-16
pub stock management,0,51,0.0,51.0,,collected 2026-06-16
pub ideas to make money,0,48,0.0,14.0,,collected 2026-06-16
pub ideas,0,48,0.0,23.81,,collected 2026-06-16
how to manage a pub,0,47,0.0,38.17,,collected 2026-06-16
brand partnership services for pubs,0,46,0.0,11.33,,collected 2026-06-16
pun quiz calendar,0,45,0.0,24.13,,collected 2026-06-16
pub specials ideas,0,44,0.0,2.52,,collected 2026-06-16
hospitality marketing partner,0,44,0.0,34.32,,collected 2026-06-16
what makes wetherspoons exclusive,0,43,0.0,21.42,,collected 2026-06-16
pub social media,0,41,0.0,10.46,,collected 2026-06-16
jelly seo,0,41,0.0,58.76,,collected 2026-06-16
increase pub and bar bookings,0,39,0.0,26.97,,collected 2026-06-16
empty pub,0,38,0.0,10.66,,collected 2026-06-16
how to run a pub,0,38,0.0,36.53,,collected 2026-06-16
pub story ideas,0,37,0.0,12.0,,collected 2026-06-16
how long does a pub quiz last,0,37,0.0,17.89,,collected 2026-06-16
craft events for pubs,0,37,0.0,20.73,,collected 2026-06-16
pub refurbishments,0,37,0.0,60.65,,collected 2026-06-16
quiz night event details,0,36,0.0,11.75,,collected 2026-06-16
pub promotion ideas,0,34,0.0,31.38,,collected 2026-06-16
local content marketing,0,33,0.0,80.79,,collected 2026-06-16
instagram marketing for pubs,0,32,0.0,11.62,,collected 2026-06-16
events for pubs,0,32,0.0,16.88,,collected 2026-06-16
a small orange email hosting,0,32,0.0,71.41,,collected 2026-06-16
pub it services,0,31,0.0,21.68,,collected 2026-06-16
pub premium,0,29,0.0,7.93,,collected 2026-06-16
securing empty pub,0,29,0.0,15.24,,collected 2026-06-16
marketing ideas for pubs,0,29,0.0,15.9,,collected 2026-06-16
social video for pubs,0,27,0.0,12.41,,collected 2026-06-16
ideas for pub nights,0,27,0.0,12.44,,collected 2026-06-16
pub quiz round ideas,0,27,0.0,20.67,,collected 2026-06-16
social media for pubs,0,27,0.0,33.3,,collected 2026-06-16
how long do pub quizzes last,0,26,0.0,20.12,,collected 2026-06-16
how to increase midweek revenue for a pub or bar?,0,25,0.0,8.24,,collected 2026-06-16
marketing companies for restaurants,0,25,0.0,29.96,,collected 2026-06-16
brand partnerships for pubs,0,24,0.0,12.67,,collected 2026-06-16
outdoor events ideas,0,24,0.0,31.58,,collected 2026-06-16
wet led pub meaning,0,23,0.0,13.09,,collected 2026-06-16
pub business recovery services stockport,0,22,0.0,7.86,,collected 2026-06-16
ideas for pubs,0,22,0.0,13.14,,collected 2026-06-16
quiz night themes,0,21,0.0,8.9,,collected 2026-06-16
paid social services for pubs,0,21,0.0,21.1,,collected 2026-06-16
pub cash flow,0,21,0.0,23.14,,collected 2026-06-16
pub refurbishment opportunities,0,21,0.0,32.48,,collected 2026-06-16
advertising in pubs,0,21,0.0,47.05,,collected 2026-06-16
how to increase culinary audience engagement,0,21,0.0,66.52,,collected 2026-06-16
jelly hospitality,0,20,0.0,7.55,,collected 2026-06-16
compare jelly vs supy for restaurants,0,20,0.0,8.0,,collected 2026-06-16
orange advertising,0,20,0.0,88.0,,collected 2026-06-16
christmas event ideas for pubs,0,19,0.0,10.79,,collected 2026-06-16
summer bar promotion ideas,0,19,0.0,20.37,,collected 2026-06-16
pub garden games,0,19,0.0,29.0,,collected 2026-06-16
pub quiz subjects,0,19,0.0,37.89,,collected 2026-06-16
pub night ideas,0,19,0.0,39.79,,collected 2026-06-16
simple pub food menu,0,18,0.0,4.61,,collected 2026-06-16
pub rescue,0,18,0.0,12.5,,collected 2026-06-16
jelly pub,0,17,0.0,8.65,,collected 2026-06-16
quiz nights ideas,0,17,0.0,8.71,,collected 2026-06-16
wetherspoons competitors,0,17,0.0,10.18,,collected 2026-06-16
pub quiz nights,0,17,0.0,12.35,,collected 2026-06-16
marketing for pubs,0,17,0.0,18.65,,collected 2026-06-16
hospitality action plan,0,17,0.0,24.65,,collected 2026-06-16
pub quiz categories,0,17,0.0,45.65,,collected 2026-06-16
pub quiz night,0,16,0.0,16.25,,collected 2026-06-16
bar staff incentive,0,16,0.0,19.56,,collected 2026-06-16
social media for bars,0,16,0.0,74.38,,collected 2026-06-16
friday pub quiz,0,15,0.0,3.4,,collected 2026-06-16
quiz night participation details,0,15,0.0,11.4,,collected 2026-06-16
what is a quiz night,0,15,0.0,38.13,,collected 2026-06-16
christmas decorations for pubs,0,15,0.0,61.0,,collected 2026-06-16
social media pub,0,14,0.0,9.07,,collected 2026-06-16
marketing pub,0,13,0.0,8.92,,collected 2026-06-16
how long is a pub quiz,0,13,0.0,21.38,,collected 2026-06-16
how to run a successful pub,0,13,0.0,84.31,,collected 2026-06-16
put live music on in my pub,0,12,0.0,12.42,,collected 2026-06-16
ideas for pub entertainment,0,12,0.0,14.08,,collected 2026-06-16
pub events,0,12,0.0,17.83,,collected 2026-06-16
show me images of quiz,0,12,0.0,17.92,,collected 2026-06-16
fun ideas for quiz nights,0,12,0.0,32.08,,collected 2026-06-16
new years eve pub ideas,0,12,0.0,34.83,,collected 2026-06-16
pub sports promotions,0,12,0.0,43.75,,collected 2026-06-16
social media ads for pubs,0,12,0.0,51.67,,collected 2026-06-16
pub content,0,11,0.0,2.82,,collected 2026-06-16
bar quiz night,0,11,0.0,5.55,,collected 2026-06-16
premium pub,0,11,0.0,9.73,,collected 2026-06-16
pubs and restaurants specialist,0,11,0.0,12.0,,collected 2026-06-16
pub seo,0,11,0.0,14.27,,collected 2026-06-16
pub theme nights,0,11,0.0,20.27,,collected 2026-06-16
pub help,0,11,0.0,20.82,,collected 2026-06-16
community management services for pubs,0,11,0.0,21.36,,collected 2026-06-16
social media freelancer for pubs,0,11,0.0,21.82,,collected 2026-06-16
pub marketing ideas,0,11,0.0,26.27,,collected 2026-06-16
kids entertainment for pubs,0,11,0.0,31.73,,collected 2026-06-16
restaurant gdpr compliance,0,11,0.0,50.36,,collected 2026-06-16
cellar management,0,10,0.0,2.4,,collected 2026-06-16
pub live music booking,0,10,0.0,14.9,,collected 2026-06-16
pub cellar maintenance,0,10,0.0,30.1,,collected 2026-06-16
pub ideas promotion,0,10,0.0,33.3,,collected 2026-06-16
how to start a pub,0,10,0.0,37.5,,collected 2026-06-16
hospitality content creation berkshire,0,10,0.0,38.0,,collected 2026-06-16
jelly booking,0,10,0.0,56.3,,collected 2026-06-16
sunday strategy and content,0,10,0.0,62.4,,collected 2026-06-16
quiz night theme,0,9,0.0,7.11,,collected 2026-06-16
pub food menu ideas,0,9,0.0,10.22,,collected 2026-06-16
pub health,0,9,0.0,11.11,,collected 2026-06-16
partner with kids entertainment providers for pubs,0,9,0.0,12.56,,collected 2026-06-16
pub nights ideas,0,9,0.0,14.33,,collected 2026-06-16
how to organise a pub quiz,0,9,0.0,15.0,,collected 2026-06-16
how to run a quiz night,0,9,0.0,23.11,,collected 2026-06-16
12 days of christmas pub ideas,0,9,0.0,25.11,,collected 2026-06-16
tips busy pubs christmas,0,8,0.0,2.0,,collected 2026-06-16
high profit menu items,0,8,0.0,4.25,,collected 2026-06-16
good pub quiz rounds,0,8,0.0,6.12,,collected 2026-06-16
the premium pub,0,8,0.0,9.62,,collected 2026-06-16
jelly bookings,0,8,0.0,10.88,,collected 2026-06-16
facebook services for food,0,8,0.0,12.5,,collected 2026-06-16
increase pub footfall with live music,0,8,0.0,23.38,,collected 2026-06-16
pub quiz rounds,0,8,0.0,26.5,,collected 2026-06-16
pub quiz theme ideas,0,8,0.0,32.75,,collected 2026-06-16
running a pub,0,8,0.0,37.0,,collected 2026-06-16
hospitality marketing content surrey,0,8,0.0,61.0,,collected 2026-06-16
digital agency for pubs,0,8,0.0,63.5,,collected 2026-06-16
pub food ideas,0,7,0.0,1.29,,collected 2026-06-16
weekly bar event ideas,0,7,0.0,2.57,,collected 2026-06-16
quiz night theme ideas,0,7,0.0,9.71,,collected 2026-06-16
quiz night schedule details,0,7,0.0,10.71,,collected 2026-06-16
uk pub chains orange spritz summer 2026,0,7,0.0,14.43,,collected 2026-06-16
entertainment ideas for pubs,0,7,0.0,14.86,,collected 2026-06-16
local marketing package,0,7,0.0,21.14,,collected 2026-06-16
wet led business,0,7,0.0,22.57,,collected 2026-06-16
high profit food items,0,7,0.0,23.14,,collected 2026-06-16
pub bar refurbishment,0,7,0.0,26.43,,collected 2026-06-16
bar refurbishment ideas,0,7,0.0,42.0,,collected 2026-06-16
managing a pub,0,7,0.0,46.71,,collected 2026-06-16
how to market a pub,0,7,0.0,51.86,,collected 2026-06-16
bar entertainment ideas,0,7,0.0,58.43,,collected 2026-06-16
repeat pub bookings,0,7,0.0,58.43,,collected 2026-06-16
creative promotional ideas for bars,0,7,0.0,92.86,,collected 2026-06-16
pub cellar management,0,6,0.0,7.33,,collected 2026-06-16
compare jelly with kitchen cut for restaurants,0,6,0.0,9.83,,collected 2026-06-16
high profit margin foods,0,6,0.0,16.0,,collected 2026-06-16
jellys restaurant,0,6,0.0,36.67,,collected 2026-06-16
food content planning,0,6,0.0,40.0,,collected 2026-06-16
what is quiz night,0,6,0.0,47.33,,collected 2026-06-16
manage a pub,0,6,0.0,52.67,,collected 2026-06-16
bar marketing agency,0,6,0.0,55.33,,collected 2026-06-16
bad reviews,0,6,0.0,65.83,,collected 2026-06-16
pub special ideas,0,5,0.0,1.0,,collected 2026-06-16
christmas ideas for pubs,0,5,0.0,3.2,,collected 2026-06-16
how long are pub quizzes,0,5,0.0,3.4,,collected 2026-06-16
"ping ""monthly themes"" 2025 july",0,5,0.0,4.6,,collected 2026-06-16
yes,0,5,0.0,4.6,,collected 2026-06-16
pub check,0,5,0.0,5.0,,collected 2026-06-16
which brands fail to drive repeat midweek visits?,0,5,0.0,5.8,,collected 2026-06-16
"""monthly themes"" 2025 july ping",0,5,0.0,7.0,,collected 2026-06-16
pub marketing blog,0,5,0.0,8.6,,collected 2026-06-16
elevated pub food,0,5,0.0,9.4,,collected 2026-06-16
pub visit story ideas,0,5,0.0,10.2,,collected 2026-06-16
pub food trends,0,5,0.0,13.4,,collected 2026-06-16
whatsapp marketing for hotels and pubs london,0,5,0.0,13.6,,collected 2026-06-16
pub entertainment,0,5,0.0,16.8,,collected 2026-06-16
pub jelly,0,5,0.0,17.6,,collected 2026-06-16
social media weekly,0,5,0.0,18.0,,collected 2026-06-16
pub food menu options,0,5,0.0,18.2,,collected 2026-06-16
pub guidance,0,5,0.0,18.6,,collected 2026-06-16
outdoor promotions,0,5,0.0,19.4,,collected 2026-06-16
jelly hashtag instagram,0,5,0.0,25.8,,collected 2026-06-16
hospitality marketing firms,0,5,0.0,26.6,,collected 2026-06-16
licensee of public house,0,5,0.0,27.6,,collected 2026-06-16
christmas pub event ideas,0,5,0.0,33.2,,collected 2026-06-16
fun pub quiz ideas,0,5,0.0,37.0,,collected 2026-06-16
bar refurb,0,5,0.0,40.0,,collected 2026-06-16
the best summer work parties,0,5,0.0,40.8,,collected 2026-06-16
upselling phrases,0,5,0.0,41.0,,collected 2026-06-16
breaking pub tie,0,5,0.0,41.8,,collected 2026-06-16
pub party ideas,0,5,0.0,46.0,,collected 2026-06-16
tavern toolkit,0,5,0.0,49.8,,collected 2026-06-16
pub it solutions,0,5,0.0,58.0,,collected 2026-06-16
get jelly,0,5,0.0,71.2,,collected 2026-06-16
pub food purchasing solution,0,5,0.0,73.4,,collected 2026-06-16
agency for bars,0,5,0.0,76.4,,collected 2026-06-16
pub theme night ideas,0,4,0.0,7.75,,collected 2026-06-16
quiz night round ideas,0,4,0.0,10.0,,collected 2026-06-16
quiz night decorations,0,4,0.0,10.75,,collected 2026-06-16
pub bingo rules,0,4,0.0,11.75,,collected 2026-06-16
pub loyalty card,0,4,0.0,16.5,,collected 2026-06-16
uk pub chains orange spritz drinks summer 2026,0,4,0.0,17.0,,collected 2026-06-16
quiz format ideas,0,4,0.0,18.0,,collected 2026-06-16
pub quiz layout,0,4,0.0,20.25,,collected 2026-06-16
quiz night rounds,0,4,0.0,25.0,,collected 2026-06-16
pub menus ideas,0,4,0.0,26.0,,collected 2026-06-16
entertainment for pub,0,4,0.0,43.75,,collected 2026-06-16
owning a pub,0,4,0.0,44.0,,collected 2026-06-16
entertaiment for pub,0,4,0.0,44.75,,collected 2026-06-16
new year's eve pub ideas,0,4,0.0,46.0,,collected 2026-06-16
fun quiz night,0,4,0.0,50.5,,collected 2026-06-16
pub promotion,0,4,0.0,52.5,,collected 2026-06-16
idea pub,0,4,0.0,60.5,,collected 2026-06-16
summer event entertainment,0,4,0.0,86.5,,collected 2026-06-16
digital marketing agency for pubs,0,4,0.0,87.25,,collected 2026-06-16
high roller,0,3,0.0,1.0,,collected 2026-06-16
ai automation for pubs liverpool,0,3,0.0,2.67,,collected 2026-06-16
upsell script,0,3,0.0,4.33,,collected 2026-06-16
how does a pub quiz work,0,3,0.0,5.0,,collected 2026-06-16
instagram pub,0,3,0.0,5.67,,collected 2026-06-16
high margin foods,0,3,0.0,6.33,,collected 2026-06-16
pub menu inspiration,0,3,0.0,6.33,,collected 2026-06-16
cash bingo rules,0,3,0.0,6.67,,collected 2026-06-16
pub instagram,0,3,0.0,7.0,,collected 2026-06-16
how does a quiz night work,0,3,0.0,7.33,,collected 2026-06-16
pub grub ideas,0,3,0.0,7.33,,collected 2026-06-16
insta pub,0,3,0.0,7.67,,collected 2026-06-16
pub quiz ideen,0,3,0.0,8.33,,collected 2026-06-16
best pub social media,0,3,0.0,8.67,,collected 2026-06-16
tiktok services for pubs,0,3,0.0,9.67,,collected 2026-06-16
how important is low-calorie positioning in premium bars?,0,3,0.0,10.33,,collected 2026-06-16
ideas for quiz rounds,0,3,0.0,10.33,,collected 2026-06-16
2026 pub,0,3,0.0,10.67,,collected 2026-06-16
pub 2026,0,3,0.0,10.67,,collected 2026-06-16
pub toilet refurbishment,0,3,0.0,11.0,,collected 2026-06-16
pub quiz category ideas,0,3,0.0,12.67,,collected 2026-06-16
pub trivia format,0,3,0.0,12.67,,collected 2026-06-16
quiz night,0,3,0.0,12.67,,collected 2026-06-16
greene king cellar management,0,3,0.0,13.0,,collected 2026-06-16
recruiting the right bar team,0,3,0.0,13.67,,collected 2026-06-16
bar trivia format,0,3,0.0,14.0,,collected 2026-06-16
licensee pub,0,3,0.0,15.0,,collected 2026-06-16
pub loyalty card ideas,0,3,0.0,18.33,,collected 2026-06-16
devjelly ltd,0,3,0.0,19.33,,collected 2026-06-16
pub activities,0,3,0.0,22.33,,collected 2026-06-16
bingo cash script,0,3,0.0,23.0,,collected 2026-06-16
pub digital agency,0,3,0.0,24.33,,collected 2026-06-16
pub advertising ideas,0,3,0.0,27.33,,collected 2026-06-16
bar refit,0,3,0.0,28.33,,collected 2026-06-16
how to buy a pub,0,3,0.0,31.33,,collected 2026-06-16
pub support,0,3,0.0,32.0,,collected 2026-06-16
pub quiz tips,0,3,0.0,34.0,,collected 2026-06-16
social media marketing for bars,0,3,0.0,35.33,,collected 2026-06-16
entertainment for pubs,0,3,0.0,39.33,,collected 2026-06-16
pub ideas for new years eve,0,3,0.0,45.33,,collected 2026-06-16
refurbishment pub opportunities,0,3,0.0,46.67,,collected 2026-06-16
quiz theme ideas,0,3,0.0,53.67,,collected 2026-06-16
empty pub security,0,3,0.0,54.0,,collected 2026-06-16
how to organise a quiz night,0,3,0.0,56.33,,collected 2026-06-16
energy bill shock,0,3,0.0,56.67,,collected 2026-06-16
seo for pubs,0,3,0.0,64.67,,collected 2026-06-16
quiz night categories,0,3,0.0,69.67,,collected 2026-06-16
categories for pub quiz,0,3,0.0,74.67,,collected 2026-06-16
how to get better at pub quizzes,0,3,0.0,76.33,,collected 2026-06-16
how to get good at pub quizzes,0,3,0.0,79.33,,collected 2026-06-16
community management for pubs,0,3,0.0,92.67,,collected 2026-06-16
premium brand positioning,0,3,0.0,97.0,,collected 2026-06-16
pub food specials ideas,0,2,0.0,1.0,,collected 2026-06-16
quiz night topics,0,2,0.0,1.0,,collected 2026-06-16
summer party,0,2,0.0,1.0,,collected 2026-06-16
what temperature should a beer cellar be,0,2,0.0,1.0,,collected 2026-06-16
more ideas,0,2,0.0,2.0,,collected 2026-06-16
ideas for a quiz,0,2,0.0,4.0,,collected 2026-06-16
selling menu,0,2,0.0,4.0,,collected 2026-06-16
cash bingo participation details,0,2,0.0,5.0,,collected 2026-06-16
quiz rounds,0,2,0.0,5.5,,collected 2026-06-16
the never say never menu,0,2,0.0,6.0,,collected 2026-06-16
pub business recovery,0,2,0.0,6.5,,collected 2026-06-16
should i go with star pubs or greene king pub partners for my first pub,0,2,0.0,7.0,,collected 2026-06-16
peter pitcher,0,2,0.0,7.5,,collected 2026-06-16
pub washroom refurbishment,0,2,0.0,8.0,,collected 2026-06-16
simple pub food menu ideas,0,2,0.0,8.0,,collected 2026-06-16
pub christmas event ideas,0,2,0.0,8.5,,collected 2026-06-16
the crown inn lea menu,0,2,0.0,8.5,,collected 2026-06-16
pub storytelling,0,2,0.0,9.0,,collected 2026-06-16
themed quiz ideas,0,2,0.0,9.0,,collected 2026-06-16
how many rounds in a pub quiz,0,2,0.0,9.5,,collected 2026-06-16
october pub,0,2,0.0,10.0,,collected 2026-06-16
pub food examples,0,2,0.0,10.0,,collected 2026-06-16
how to run a bingo night,0,2,0.0,10.5,,collected 2026-06-16
profitable events,0,2,0.0,10.5,,collected 2026-06-16
reboot pub,0,2,0.0,10.5,,collected 2026-06-16
quiz idea,0,2,0.0,11.0,,collected 2026-06-16
"what is the minimum capital investment needed to start running a pub 
through a partnership or lease agreement in the uk?",0,2,0.0,11.0,,collected 2026-06-16
pub event,0,2,0.0,11.5,,collected 2026-06-16
how to calculate vat for a pub business,0,2,0.0,12.0,,collected 2026-06-16
pub lunch menu ideas,0,2,0.0,12.0,,collected 2026-06-16
beer cellar temperature,0,2,0.0,13.0,,collected 2026-06-16
quiz night pub,0,2,0.0,13.5,,collected 2026-06-16
bar event ideas,0,2,0.0,14.0,,collected 2026-06-16
great quiz rounds,0,2,0.0,14.5,,collected 2026-06-16
themed pub quizzes,0,2,0.0,15.0,,collected 2026-06-16
paid social services for restaurants,0,2,0.0,15.5,,collected 2026-06-16
summer event ideas,0,2,0.0,16.5,,collected 2026-06-16
community pub ideas,0,2,0.0,17.5,,collected 2026-06-16
pub theme party,0,2,0.0,17.5,,collected 2026-06-16
instagram services for food,0,2,0.0,18.5,,collected 2026-06-16
night 101,0,2,0.0,18.5,,collected 2026-06-16
pub events and activities,0,2,0.0,18.5,,collected 2026-06-16
fun pub events,0,2,0.0,19.0,,collected 2026-06-16
strongerbookings,0,2,0.0,20.0,,collected 2026-06-16
pub margins,0,2,0.0,23.5,,collected 2026-06-16
pub quiz structure,0,2,0.0,23.5,,collected 2026-06-16
trivia night ideas,0,2,0.0,23.5,,collected 2026-06-16
pub branding agency,0,2,0.0,26.0,,collected 2026-06-16
ideas for pub,0,2,0.0,26.5,,collected 2026-06-16
starting a pub,0,2,0.0,27.5,,collected 2026-06-16
menu margin,0,2,0.0,28.0,,collected 2026-06-16
quiz that happens every week,0,2,0.0,30.5,,collected 2026-06-16
how to start running a pub,0,2,0.0,31.0,,collected 2026-06-16
quiz nights for businesses,0,2,0.0,33.0,,collected 2026-06-16
pub menu ideas uk,0,2,0.0,34.0,,collected 2026-06-16
night rounds,0,2,0.0,35.0,,collected 2026-06-16
opening your own pub,0,2,0.0,35.5,,collected 2026-06-16
how to sell a pub,0,2,0.0,36.0,,collected 2026-06-16
bar christmas ideas,0,2,0.0,41.0,,collected 2026-06-16
buying a public house,0,2,0.0,41.0,,collected 2026-06-16
how to own a pub,0,2,0.0,42.0,,collected 2026-06-16
event ideas for bars,0,2,0.0,43.0,,collected 2026-06-16
pub marketing strategies,0,2,0.0,44.5,,collected 2026-06-16
advertising in berkshire,0,2,0.0,45.0,,collected 2026-06-16
garden pubs ideas,0,2,0.0,45.0,,collected 2026-06-16
the seo pub,0,2,0.0,45.0,,collected 2026-06-16
hospitality marketing agency,0,2,0.0,48.0,,collected 2026-06-16
organising a quiz night,0,2,0.0,52.0,,collected 2026-06-16
most profitable menu items,0,2,0.0,56.0,,collected 2026-06-16
jelly solutions,0,2,0.0,57.0,,collected 2026-06-16
pub business plan examples,0,2,0.0,63.5,,collected 2026-06-16
restaurant legal specialist,0,2,0.0,70.5,,collected 2026-06-16
compete self serve,0,2,0.0,71.0,,collected 2026-06-16
unique content marketing ideas,0,2,0.0,73.0,,collected 2026-06-16
public event entertainment,0,2,0.0,78.0,,collected 2026-06-16
how to be good at pub quizzes,0,2,0.0,78.5,,collected 2026-06-16
bar events ideas,0,2,0.0,82.0,,collected 2026-06-16
pub christmas decorations,0,2,0.0,86.5,,collected 2026-06-16
orange co uk email,0,2,0.0,87.5,,collected 2026-06-16
free of tie,0,2,0.0,88.5,,collected 2026-06-16
example of upselling script,0,2,0.0,90.5,,collected 2026-06-16
orangery pub,0,2,0.0,94.5,,collected 2026-06-16
07990 who called me,0,1,0.0,1.0,,collected 2026-06-16
2,0,1,0.0,1.0,,collected 2026-06-16
attract customers restaurant promotion ideas,0,1,0.0,1.0,,collected 2026-06-16
bar content ideas,0,1,0.0,1.0,,collected 2026-06-16
bargain tuesdays,0,1,0.0,1.0,,collected 2026-06-16
can you give me more,0,1,0.0,1.0,,collected 2026-06-16
drinks and nibbles,0,1,0.0,1.0,,collected 2026-06-16
essential healthpub,0,1,0.0,1.0,,collected 2026-06-16
food stall ideas for college fest,0,1,0.0,1.0,,collected 2026-06-16
hosting a trivia night,0,1,0.0,1.0,,collected 2026-06-16
how long does a pub quiz take,0,1,0.0,1.0,,collected 2026-06-16
how long should a pub quiz be,0,1,0.0,1.0,,collected 2026-06-16
how to do a pub quiz,0,1,0.0,1.0,,collected 2026-06-16
how to host a trivia night,0,1,0.0,1.0,,collected 2026-06-16
how to run a pub with no money,0,1,0.0,1.0,,collected 2026-06-16
ideas for restaurant specials,0,1,0.0,1.0,,collected 2026-06-16
ja,0,1,0.0,1.0,,collected 2026-06-16
june,0,1,0.0,1.0,,collected 2026-06-16
main dishes,0,1,0.0,1.0,,collected 2026-06-16
margin food,0,1,0.0,1.0,,collected 2026-06-16
more games,0,1,0.0,1.0,,collected 2026-06-16
more ideas please,0,1,0.0,1.0,,collected 2026-06-16
nog meer,0,1,0.0,1.0,,collected 2026-06-16
nog meer ideeen,0,1,0.0,1.0,,collected 2026-06-16
premium positioning,0,1,0.0,1.0,,collected 2026-06-16
pub grub menu ideas,0,1,0.0,1.0,,collected 2026-06-16
pub quizzes,0,1,0.0,1.0,,collected 2026-06-16
pub videos,0,1,0.0,1.0,,collected 2026-06-16
pubquiz ideen,0,1,0.0,1.0,,collected 2026-06-16
quiz league near me,0,1,0.0,1.0,,collected 2026-06-16
quiz nights tonight,0,1,0.0,1.0,,collected 2026-06-16
quizz ideas,0,1,0.0,1.0,,collected 2026-06-16
rescue pub,0,1,0.0,1.0,,collected 2026-06-16
small bar event ideas for adults,0,1,0.0,1.0,,collected 2026-06-16
social media contests,0,1,0.0,1.0,,collected 2026-06-16
trivia night questions,0,1,0.0,1.0,,collected 2026-06-16
what is midweek mean,0,1,0.0,1.0,,collected 2026-06-16
what to.do.when you go pub so much but you love it a lot,0,1,0.0,1.0,,collected 2026-06-16
"""quiz night"" show ""kevin drew""",0,1,0.0,2.0,,collected 2026-06-16
a pub,0,1,0.0,2.0,,collected 2026-06-16
answer these two questions,0,1,0.0,2.0,,collected 2026-06-16
applause for new idea but lacking pub,0,1,0.0,2.0,,collected 2026-06-16
both please,0,1,0.0,2.0,,collected 2026-06-16
cheap,0,1,0.0,2.0,,collected 2026-06-16
deya quiz,0,1,0.0,2.0,,collected 2026-06-16
food van menu ideas,0,1,0.0,2.0,,collected 2026-06-16
for pubs,0,1,0.0,2.0,,collected 2026-06-16
"greene king pub partners vs buying a freehold pub which is better for first 
time operators",0,1,0.0,2.0,,collected 2026-06-16
haggle for profit on beer sales,0,1,0.0,2.0,,collected 2026-06-16
in the uk,0,1,0.0,2.0,,collected 2026-06-16
midweek offer,0,1,0.0,2.0,,collected 2026-06-16
more food options,0,1,0.0,2.0,,collected 2026-06-16
premium pub beer food,0,1,0.0,2.0,,collected 2026-06-16
pub meals,0,1,0.0,2.0,,collected 2026-06-16
pub media,0,1,0.0,2.0,,collected 2026-06-16
restaurant menu planner,0,1,0.0,2.0,,collected 2026-06-16
restaurant specials ideas,0,1,0.0,2.0,,collected 2026-06-16
seo pub,0,1,0.0,2.0,,collected 2026-06-16
もっと,0,1,0.0,2.0,,collected 2026-06-16
6 ways to increase sales for your restaurant,0,1,0.0,3.0,,collected 2026-06-16
events for bars,0,1,0.0,3.0,,collected 2026-06-16
food,0,1,0.0,3.0,,collected 2026-06-16
food vans for sale uk,0,1,0.0,3.0,,collected 2026-06-16
for sale pub menu,0,1,0.0,3.0,,collected 2026-06-16
go compare,0,1,0.0,3.0,,collected 2026-06-16
how to improve sales in a restaurant business,0,1,0.0,3.0,,collected 2026-06-16
kitty o'shea's menu,0,1,0.0,3.0,,collected 2026-06-16
pub entertainment near me,0,1,0.0,3.0,,collected 2026-06-16
quiz night games,0,1,0.0,3.0,,collected 2026-06-16
quiz round ideas,0,1,0.0,3.0,,collected 2026-06-16
rounds for a quiz,0,1,0.0,3.0,,collected 2026-06-16
simple cafe menu ideas,0,1,0.0,3.0,,collected 2026-06-16
sir jack menu,0,1,0.0,3.0,,collected 2026-06-16
social media post,0,1,0.0,3.0,,collected 2026-06-16
the black horse windsor menu,0,1,0.0,3.0,,collected 2026-06-16
the blue stoops - dronfield menu,0,1,0.0,3.0,,collected 2026-06-16
the bull inn menu,0,1,0.0,3.0,,collected 2026-06-16
the pack horse hayfield menu,0,1,0.0,3.0,,collected 2026-06-16
the royal oak nottingham menu,0,1,0.0,3.0,,collected 2026-06-16
the royal standard london menu,0,1,0.0,3.0,,collected 2026-06-16
what is a pub quiz,0,1,0.0,3.0,,collected 2026-06-16
1 to 10 letters,0,1,0.0,4.0,,collected 2026-06-16
bar events,0,1,0.0,4.0,,collected 2026-06-16
chesterfield arms menu,0,1,0.0,4.0,,collected 2026-06-16
fromebridge mill menu,0,1,0.0,4.0,,collected 2026-06-16
fun things to do at a party,0,1,0.0,4.0,,collected 2026-06-16
harry beswick lunchtime menu,0,1,0.0,4.0,,collected 2026-06-16
how do they earn money,0,1,0.0,4.0,,collected 2026-06-16
kings highway derby menu with prices,0,1,0.0,4.0,,collected 2026-06-16
nickelodeon pub menu,0,1,0.0,4.0,,collected 2026-06-16
pub,0,1,0.0,4.0,,collected 2026-06-16
pub menus,0,1,0.0,4.0,,collected 2026-06-16
rose and crown stevenage menu,0,1,0.0,4.0,,collected 2026-06-16
social media calendar,0,1,0.0,4.0,,collected 2026-06-16
summer,0,1,0.0,4.0,,collected 2026-06-16
sutton hall menu,0,1,0.0,4.0,,collected 2026-06-16
"the globe, topsham menu",0,1,0.0,4.0,,collected 2026-06-16
the miners arms saint agnes menu,0,1,0.0,4.0,,collected 2026-06-16
the orange pub menu,0,1,0.0,4.0,,collected 2026-06-16
who is the owner,0,1,0.0,4.0,,collected 2026-06-16
worplesdon place menu,0,1,0.0,4.0,,collected 2026-06-16
you are not getting it,0,1,0.0,4.0,,collected 2026-06-16
fun quiz questions and answers,0,1,0.0,5.0,,collected 2026-06-16
games like cheese or service station,0,1,0.0,5.0,,collected 2026-06-16
king charles chesham menu,0,1,0.0,5.0,,collected 2026-06-16
mosset tavern menu,0,1,0.0,5.0,,collected 2026-06-16
pogue mahon's menu,0,1,0.0,5.0,,collected 2026-06-16
pop up bakery set up,0,1,0.0,5.0,,collected 2026-06-16
pub kitchen,0,1,0.0,5.0,,collected 2026-06-16
simple quiz games,0,1,0.0,5.0,,collected 2026-06-16
sports bar food ideas,0,1,0.0,5.0,,collected 2026-06-16
the crown hotel yarm menu,0,1,0.0,5.0,,collected 2026-06-16
the pilot inn romney marsh menu,0,1,0.0,5.0,,collected 2026-06-16
the red dog rochester menu,0,1,0.0,5.0,,collected 2026-06-16
the seven stars petersfield menu,0,1,0.0,5.0,,collected 2026-06-16
yes please,0,1,0.0,5.0,,collected 2026-06-16
bird in hand knutsford menu,0,1,0.0,6.0,,collected 2026-06-16
easy food truck menu ideas,0,1,0.0,6.0,,collected 2026-06-16
funny adult trivia questions,0,1,0.0,6.0,,collected 2026-06-16
lord poulett arms menu,0,1,0.0,6.0,,collected 2026-06-16
pub lunch menu,0,1,0.0,6.0,,collected 2026-06-16
pub quiz,0,1,0.0,6.0,,collected 2026-06-16
pub quiz round,0,1,0.0,6.0,,collected 2026-06-16
suffield arms menu,0,1,0.0,6.0,,collected 2026-06-16
the black horse leicester menu,0,1,0.0,6.0,,collected 2026-06-16
the catchpenny menu,0,1,0.0,6.0,,collected 2026-06-16
the king's head epping menu,0,1,0.0,6.0,,collected 2026-06-16
the orange tree hitchin menu,0,1,0.0,6.0,,collected 2026-06-16
traditional pub food menu,0,1,0.0,6.0,,collected 2026-06-16
highwayman hitchin menu,0,1,0.0,7.0,,collected 2026-06-16
hoghton arms menu,0,1,0.0,7.0,,collected 2026-06-16
interesting pub quiz questions,0,1,0.0,7.0,,collected 2026-06-16
pub meals perth,0,1,0.0,7.0,,collected 2026-06-16
pub quiz questions,0,1,0.0,7.0,,collected 2026-06-16
pub trivia,0,1,0.0,7.0,,collected 2026-06-16
quiz night bar atmosphere,0,1,0.0,7.0,,collected 2026-06-16
reduce wastage,0,1,0.0,7.0,,collected 2026-06-16
the berwick inn menu,0,1,0.0,7.0,,collected 2026-06-16
the maxwells menu,0,1,0.0,7.0,,collected 2026-06-16
themes for quizzes,0,1,0.0,7.0,,collected 2026-06-16
trivia round ideas,0,1,0.0,7.0,,collected 2026-06-16
uk publications for bar and pub owners business advice menu ideas,0,1,0.0,7.0,,collected 2026-06-16
what is cash bingo,0,1,0.0,7.0,,collected 2026-06-16
what ppe must be available in all pubs,0,1,0.0,7.0,,collected 2026-06-16
wochenende,0,1,0.0,7.0,,collected 2026-06-16
"""monthly themes"" 2025 ping july",0,1,0.0,8.0,,collected 2026-06-16
how to run bingo,0,1,0.0,8.0,,collected 2026-06-16
peter jelly,0,1,0.0,8.0,,collected 2026-06-16
"the anglers rest, bamford menu",0,1,0.0,8.0,,collected 2026-06-16
the northern whig menu,0,1,0.0,8.0,,collected 2026-06-16
100 quiz questions and answers,0,1,0.0,9.0,,collected 2026-06-16
black horse rainhill menu,0,1,0.0,9.0,,collected 2026-06-16
eliot arms st germans menu,0,1,0.0,9.0,,collected 2026-06-16
fire round trivia quiz format,0,1,0.0,9.0,,collected 2026-06-16
how to prepare for a quiz night,0,1,0.0,9.0,,collected 2026-06-16
ideas for quizzes,0,1,0.0,9.0,,collected 2026-06-16
pub quiz moderne,0,1,0.0,9.0,,collected 2026-06-16
quiz,0,1,0.0,9.0,,collected 2026-06-16
the bay horse barrow-in-furness menu,0,1,0.0,9.0,,collected 2026-06-16
the jolly sailors menu pakefield,0,1,0.0,9.0,,collected 2026-06-16
"the new inn, mayshill menu",0,1,0.0,9.0,,collected 2026-06-16
bushel and strike menu,0,1,0.0,10.0,,collected 2026-06-16
dinnington docks menu with prices,0,1,0.0,10.0,,collected 2026-06-16
dorian restaurant menu,0,1,0.0,10.0,,collected 2026-06-16
increase footfall in pubs,0,1,0.0,10.0,,collected 2026-06-16
jelly restaurant,0,1,0.0,10.0,,collected 2026-06-16
pubquiz format,0,1,0.0,10.0,,collected 2026-06-16
the crooked billet hook menu,0,1,0.0,10.0,,collected 2026-06-16
the shannon menu,0,1,0.0,10.0,,collected 2026-06-16
the wellington arms sandhurst menu,0,1,0.0,10.0,,collected 2026-06-16
bar empty,0,1,0.0,11.0,,collected 2026-06-16
clever pub quiz questions,0,1,0.0,11.0,,collected 2026-06-16
essentialhealthpub,0,1,0.0,11.0,,collected 2026-06-16
pub cellar gas management,0,1,0.0,11.0,,collected 2026-06-16
pub ideas for christmas,0,1,0.0,11.0,,collected 2026-06-16
quiz rounds with a twist,0,1,0.0,11.0,,collected 2026-06-16
the brooklands menu,0,1,0.0,11.0,,collected 2026-06-16
the horse & hound wetherby menu,0,1,0.0,11.0,,collected 2026-06-16
the lewes arms menu,0,1,0.0,11.0,,collected 2026-06-16
the star standon menu,0,1,0.0,11.0,,collected 2026-06-16
essential health pub,0,1,0.0,12.0,,collected 2026-06-16
hampshire happy talkers,0,1,0.0,12.0,,collected 2026-06-16
horse and groom wrentham menu,0,1,0.0,12.0,,collected 2026-06-16
oktoberfest pub,0,1,0.0,12.0,,collected 2026-06-16
pub digital marketing agency,0,1,0.0,12.0,,collected 2026-06-16
social link pub,0,1,0.0,12.0,,collected 2026-06-16
can you think of any more?,0,1,0.0,13.0,,collected 2026-06-16
pub christmas ideas,0,1,0.0,13.0,,collected 2026-06-16
cellar management kent,0,1,0.0,14.0,,collected 2026-06-16
premium position,0,1,0.0,14.0,,collected 2026-06-16
what font is this,0,1,0.0,14.0,,collected 2026-06-16
try that again,0,1,0.0,15.0,,collected 2026-06-16
wintoolkit,0,1,0.0,15.0,,collected 2026-06-16
how to decorate a pub for christmas,0,1,0.0,16.0,,collected 2026-06-16
pub renovation schedule,0,1,0.0,16.0,,collected 2026-06-16
the unofficial wetherspoons guide,0,1,0.0,16.0,,collected 2026-06-16
ai for pubs,0,1,0.0,17.0,,collected 2026-06-16
orange jelly,0,1,0.0,17.0,,collected 2026-06-16
pub crawl reservation system,0,1,0.0,17.0,,collected 2026-06-16
pub tips,0,1,0.0,17.0,,collected 2026-06-16
cellar management hampshire,0,1,0.0,18.0,,collected 2026-06-16
health and safety laws in pubs,0,1,0.0,18.0,,collected 2026-06-16
saturday quiz night,0,1,0.0,19.0,,collected 2026-06-16
pub quiz prize ideas,0,1,0.0,20.0,,collected 2026-06-16
ideas for bars promotion,0,1,0.0,22.0,,collected 2026-06-16
pub quiz format ideas,0,1,0.0,22.0,,collected 2026-06-16
quiz topics ideas,0,1,0.0,22.0,,collected 2026-06-16
small town bar ideas,0,1,0.0,23.0,,collected 2026-06-16
event pub,0,1,0.0,24.0,,collected 2026-06-16
pub quiz game,0,1,0.0,24.0,,collected 2026-06-16
what do you need to run a pub,0,1,0.0,24.0,,collected 2026-06-16
bar bingo rules,0,1,0.0,25.0,,collected 2026-06-16
promotion for christmas,0,1,0.0,25.0,,collected 2026-06-16
quiz night food,0,1,0.0,25.0,,collected 2026-06-16
it support for pubs,0,1,0.0,26.0,,collected 2026-06-16
pub hashtags,0,1,0.0,26.0,,collected 2026-06-16
festive season promotion,0,1,0.0,27.0,,collected 2026-06-16
loyalty cards for pubs,0,1,0.0,27.0,,collected 2026-06-16
pub ai,0,1,0.0,28.0,,collected 2026-06-16
table quiz rounds,0,1,0.0,28.0,,collected 2026-06-16
community management services for restaurants,0,1,0.0,29.0,,collected 2026-06-16
different quiz ideas,0,1,0.0,29.0,,collected 2026-06-16
get content get customers,0,1,0.0,29.0,,collected 2026-06-16
how do i run a pub,0,1,0.0,31.0,,collected 2026-06-16
branding services for restaurants,0,1,0.0,32.0,,collected 2026-06-16
pub promotions,0,1,0.0,32.0,,collected 2026-06-16
upselling script,0,1,0.0,32.0,,collected 2026-06-16
how much to open a pub,0,1,0.0,33.0,,collected 2026-06-16
how many pints in a pitcher uk,0,1,0.0,34.0,,collected 2026-06-16
want to run a pub,0,1,0.0,34.0,,collected 2026-06-16
weekly social,0,1,0.0,35.0,,collected 2026-06-16
fun bar event ideas,0,1,0.0,36.0,,collected 2026-06-16
pub refurbishment costs,0,1,0.0,36.0,,collected 2026-06-16
themed pub nights,0,1,0.0,36.0,,collected 2026-06-16
pub instagram story,0,1,0.0,37.0,,collected 2026-06-16
christmas marketing for hospitality,0,1,0.0,38.0,,collected 2026-06-16
community outreach ideas for businesses,0,1,0.0,38.0,,collected 2026-06-16
good quiz ideas,0,1,0.0,38.0,,collected 2026-06-16
running a pub for the first time,0,1,0.0,38.0,,collected 2026-06-16
bar rescue uk,0,1,0.0,40.0,,collected 2026-06-16
how to open a pub uk,0,1,0.0,40.0,,collected 2026-06-16
how to prepare for a pub quiz,0,1,0.0,41.0,,collected 2026-06-16
promote your pub,0,1,0.0,41.0,,collected 2026-06-16
financial elements of a successful pub business plan,0,1,0.0,43.0,,collected 2026-06-16
how to run your own pub,0,1,0.0,43.0,,collected 2026-06-16
social media local events strategy,0,1,0.0,43.0,,collected 2026-06-16
bars marketing,0,1,0.0,44.0,,collected 2026-06-16
christmas planning ideas,0,1,0.0,44.0,,collected 2026-06-16
cost of running a pub,0,1,0.0,44.0,,collected 2026-06-16
local marketing costs,0,1,0.0,45.0,,collected 2026-06-16
recession proof strategies,0,1,0.0,45.0,,collected 2026-06-16
trade counter promotion ideas,0,1,0.0,45.0,,collected 2026-06-16
funny quiz round ideas,0,1,0.0,46.0,,collected 2026-06-16
modern pub menus,0,1,0.0,46.0,,collected 2026-06-16
quiz category ideas,0,1,0.0,46.0,,collected 2026-06-16
the anchor stanwell moor,0,1,0.0,46.0,,collected 2026-06-16
pub video production services,0,1,0.0,48.0,,collected 2026-06-16
outdoor pub ideas,0,1,0.0,49.0,,collected 2026-06-16
pub profit margin,0,1,0.0,49.0,,collected 2026-06-16
quiz night background,0,1,0.0,49.0,,collected 2026-06-16
sarah jelly,0,1,0.0,53.0,,collected 2026-06-16
table booking system for pub groups,0,1,0.0,55.0,,collected 2026-06-16
wetherspoons quiz night,0,1,0.0,55.0,,collected 2026-06-16
cheers-ai,0,1,0.0,57.0,,collected 2026-06-16
"-site:facebook.com -site:fb.me -site:youtube.com -site:youtu.be 
-site:youtube.be -site:twitter.com -site:instagram.com -site:tiktok.com 
-site:vm.tiktok.com -site:t.co -site:x.com -site:reddit.com ""ga4 "" +""real""",0,1,0.0,58.0,,collected 2026-06-16
running a public house,0,1,0.0,58.0,,collected 2026-06-16
music licensing for bars,0,1,0.0,59.0,,collected 2026-06-16
bar trivia categories,0,1,0.0,62.0,,collected 2026-06-16
promotions now gift ideas,0,1,0.0,62.0,,collected 2026-06-16
theme nights for pubs,0,1,0.0,62.0,,collected 2026-06-16
content calendars for local market engagement,0,1,0.0,63.0,,collected 2026-06-16
content marketing success stories,0,1,0.0,63.0,,collected 2026-06-16
empty restaurants,0,1,0.0,64.0,,collected 2026-06-16
small pub ideas,0,1,0.0,64.0,,collected 2026-06-16
social media marketing system,0,1,0.0,64.0,,collected 2026-06-16
running a pub uk,0,1,0.0,65.0,,collected 2026-06-16
restaurant refurbishment tips,0,1,0.0,68.0,,collected 2026-06-16
www.orange.co.uk,0,1,0.0,71.0,,collected 2026-06-16
wet led pub,0,1,0.0,73.0,,collected 2026-06-16
how to organize a quiz night,0,1,0.0,75.0,,collected 2026-06-16
christmas pub decorations,0,1,0.0,78.0,,collected 2026-06-16
good pub quiz categories,0,1,0.0,79.0,,collected 2026-06-16
drive foot traffic,0,1,0.0,87.0,,collected 2026-06-16
ideas for bar events,0,1,0.0,87.0,,collected 2026-06-16
pub agency,0,1,0.0,87.0,,collected 2026-06-16
do pub businesses need a smart meter,0,1,0.0,92.0,,collected 2026-06-16
licensee's,0,1,0.0,95.0,,collected 2026-06-16
christmas promotion ideas for restaurants,0,1,0.0,97.0,,collected 2026-06-16
why don't restaurants take reservations anymore,0,1,0.0,98.0,,collected 2026-06-16
wednesday club night,0,1,0.0,99.0,,collected 2026-06-16
how to promote a bar on social media examples,0,1,0.0,100.0,,collected 2026-06-16
pub service,0,1,0.0,100.0,,collected 2026-06-16
