reason,url
drilldown-1,28
drilldown-1,28
drilldown-1,28
drilldown-1,28
drilldown-1,28
drilldown-1,28
drilldown-1,28
drilldown-1,28
drilldown-1,28
drilldown-1,28
drilldown-1,28
drilldown-1,24
drilldown-1,24
drilldown-1,24
drilldown-1,24
drilldown-1,24
drilldown-1,24
drilldown-1,23
drilldown-1,23
drilldown-1,23
drilldown-1,23
drilldown-1,23
drilldown-1,23
drilldown-1,23
drilldown-1,23
drilldown-1,23
drilldown-1,23
drilldown-1,23
drilldown-1,21
drilldown-1,21
drilldown-1,21
drilldown-1,21
drilldown-1,21
drilldown-1,21
drilldown-1,21
drilldown-1,19
drilldown-1,19
drilldown-1,19
drilldown-1,19
drilldown-1,19
drilldown-1,19
drilldown-1,19
drilldown-1,19
drilldown-1,19
drilldown-1,19
drilldown-1,19
drilldown-1,19
drilldown-1,19
drilldown-1,19
drilldown-1,19
drilldown-1,19
drilldown-1,19
drilldown-1,17
drilldown-1,17
drilldown-1,17
drilldown-1,17
drilldown-1,15
drilldown-1,15
drilldown-1,15
drilldown-1,14
drilldown-1,14
drilldown-1,14
drilldown-1,14
drilldown-1,11
drilldown-1,11
drilldown-1,11
drilldown-1,10
drilldown-1,10
drilldown-1,10
drilldown-1,10
drilldown-1,11
drilldown-1,11
drilldown-1,11
drilldown-1,11
drilldown-1,11
drilldown-1,11
drilldown-1,11
drilldown-1,10
drilldown-1,10
drilldown-1,10
drilldown-1,10
drilldown-1,10
drilldown-1,10
drilldown-1,10
drilldown-1,https://management.orangejelly.co.uk/auth/login?redirectedFrom=/events/quiz-night-pub-pursuit-2025-08-13
drilldown-1,https://management.orangejelly.co.uk/auth/login?redirectedFrom=/events/new-years-eve-2026-2025-12-31
drilldown-1,https://management.orangejelly.co.uk/events/new-years-eve-2026-2025-12-31
drilldown-1,https://management.orangejelly.co.uk/events/sleigh-that-tune-2025-12-03
drilldown-1,https://management.orangejelly.co.uk/auth/login?redirectedFrom=/icon
drilldown-1,https://management.orangejelly.co.uk/icon?cd4496a3364c1753
drilldown-1,https://management.orangejelly.co.uk/auth/login?redirectedFrom=/events/bingo-night-2025-09-19
drilldown-1,https://management.orangejelly.co.uk/auth/login?redirectedFrom=/events/nikki-s-karaoke-night-2025-08-22
drilldown-1,https://management.orangejelly.co.uk/auth/login?redirectedFrom=/events/bingo-night-2025-08-29
drilldown-1,https://management.orangejelly.co.uk/
drilldown-2,6
drilldown-2,6
drilldown-2,6
drilldown-2,6
drilldown-2,6
drilldown-2,6
drilldown-2,6
drilldown-2,6
drilldown-2,6
drilldown-2,6
drilldown-2,6
drilldown-2,7
drilldown-2,7
drilldown-2,7
drilldown-2,7
drilldown-2,6
drilldown-2,6
drilldown-2,6
drilldown-2,6
drilldown-2,6
drilldown-2,6
drilldown-2,6
drilldown-2,6
drilldown-2,6
drilldown-2,6
drilldown-2,6
drilldown-2,6
drilldown-2,6
drilldown-2,5
drilldown-2,5
drilldown-2,5
drilldown-2,5
drilldown-2,5
drilldown-2,5
drilldown-2,5
drilldown-2,5
drilldown-2,5
drilldown-2,5
drilldown-2,6
drilldown-2,6
drilldown-2,6
drilldown-2,6
drilldown-2,6
drilldown-2,6
drilldown-2,6
drilldown-2,6
drilldown-2,6
drilldown-2,6
drilldown-2,6
drilldown-2,6
drilldown-2,6
drilldown-2,6
drilldown-2,7
drilldown-2,7
drilldown-2,7
drilldown-2,7
drilldown-2,7
drilldown-2,7
drilldown-2,7
drilldown-2,7
drilldown-2,7
drilldown-2,7
drilldown-2,7
drilldown-2,7
drilldown-2,7
drilldown-2,7
drilldown-2,7
drilldown-2,7
drilldown-2,7
drilldown-2,7
drilldown-2,7
drilldown-2,7
drilldown-2,7
drilldown-2,7
drilldown-2,7
drilldown-2,7
drilldown-2,7
drilldown-2,7
drilldown-2,7
drilldown-2,7
drilldown-2,7
drilldown-2,7
drilldown-2,7
drilldown-2,7
drilldown-2,http://www.orangejelly.co.uk/
drilldown-2,https://orangejelly.co.uk/
drilldown-2,http://orangejelly.co.uk/
drilldown-2,https://www.orangejelly.co.uk/licensees-guide/category/community
drilldown-2,https://www.orangejelly.co.uk/licensees-guide/category/competition
drilldown-2,https://www.orangejelly.co.uk/services
drilldown-2,https://www.orangejelly.co.uk/licensees-guide/category/communications
drilldown-3,12
drilldown-3,12
drilldown-3,12
drilldown-3,12
drilldown-3,12
drilldown-3,12
drilldown-3,12
drilldown-3,12
drilldown-3,12
drilldown-3,12
drilldown-3,12
drilldown-3,12
drilldown-3,12
drilldown-3,12
drilldown-3,12
drilldown-3,12
drilldown-3,12
drilldown-3,12
drilldown-3,12
drilldown-3,12
drilldown-3,12
drilldown-3,12
drilldown-3,12
drilldown-3,12
drilldown-3,12
drilldown-3,12
drilldown-3,12
drilldown-3,12
drilldown-3,12
drilldown-3,12
drilldown-3,12
drilldown-3,12
drilldown-3,12
drilldown-3,12
drilldown-3,12
drilldown-3,12
drilldown-3,12
drilldown-3,12
drilldown-3,12
drilldown-3,12
drilldown-3,12
drilldown-3,12
drilldown-3,12
drilldown-3,12
drilldown-3,12
drilldown-3,12
drilldown-3,12
drilldown-3,12
drilldown-3,12
drilldown-3,10
drilldown-3,10
drilldown-3,10
drilldown-3,10
drilldown-3,10
drilldown-3,10
drilldown-3,10
drilldown-3,10
drilldown-3,10
drilldown-3,10
drilldown-3,10
drilldown-3,10
drilldown-3,10
drilldown-3,10
drilldown-3,9
drilldown-3,9
drilldown-3,9
drilldown-3,8
drilldown-3,8
drilldown-3,8
drilldown-3,8
drilldown-3,8
drilldown-3,8
drilldown-3,8
drilldown-3,8
drilldown-3,8
drilldown-3,8
drilldown-3,8
drilldown-3,6
drilldown-3,6
drilldown-3,6
drilldown-3,6
drilldown-3,6
drilldown-3,6
drilldown-3,6
drilldown-3,https://www.orangejelly.co.uk/licensees-guide/kitchen-nightmares-chef-quits
drilldown-3,https://cheersai.orangejelly.co.uk/settings
drilldown-3,https://www.orangejelly.co.uk/licensees-guide/brewery-tie-improve-your-deal
drilldown-3,https://cheersai.orangejelly.co.uk/dashboard
drilldown-3,https://cheersai.orangejelly.co.uk/auth/login
drilldown-3,https://cheersai.orangejelly.co.uk/terms
drilldown-4,1
drilldown-4,1
drilldown-4,1
drilldown-4,1
drilldown-4,1
drilldown-4,1
drilldown-4,1
drilldown-4,1
drilldown-4,1
drilldown-4,1
drilldown-4,1
drilldown-4,1
drilldown-4,1
drilldown-4,1
drilldown-4,1
drilldown-4,4
drilldown-4,4
drilldown-4,4
drilldown-4,4
drilldown-4,4
drilldown-4,4
drilldown-4,4
drilldown-4,4
drilldown-4,4
drilldown-4,4
drilldown-4,4
drilldown-4,4
drilldown-4,4
drilldown-4,4
drilldown-4,4
drilldown-4,4
drilldown-4,4
drilldown-4,4
drilldown-4,4
drilldown-4,4
drilldown-4,4
drilldown-4,4
drilldown-4,4
drilldown-4,5
drilldown-4,5
drilldown-4,5
drilldown-4,5
drilldown-4,5
drilldown-4,5
drilldown-4,5
drilldown-4,5
drilldown-4,5
drilldown-4,5
drilldown-4,5
drilldown-4,5
drilldown-4,5
drilldown-4,5
drilldown-4,5
drilldown-4,5
drilldown-4,5
drilldown-4,5
drilldown-4,5
drilldown-4,5
drilldown-4,5
drilldown-4,5
drilldown-4,5
drilldown-4,5
drilldown-4,5
drilldown-4,5
drilldown-4,5
drilldown-4,5
drilldown-4,5
drilldown-4,5
drilldown-4,5
drilldown-4,5
drilldown-4,6
drilldown-4,6
drilldown-4,6
drilldown-4,6
drilldown-4,6
drilldown-4,6
drilldown-4,6
drilldown-4,6
drilldown-4,6
drilldown-4,6
drilldown-4,6
drilldown-4,6
drilldown-4,6
drilldown-4,6
drilldown-4,https://management.orangejelly.co.uk/events/live-at-the-anchor-valentines-special
drilldown-4,https://management.orangejelly.co.uk/events/live-music-jessica-lovelock-2026-05-23
drilldown-4,https://management.orangejelly.co.uk/events/pub-quiz-2026-02-04
drilldown-4,https://management.orangejelly.co.uk/events/bingo-2026-09-30
drilldown-4,https://management.orangejelly.co.uk/events/bingo-2026-07-29
drilldown-4,https://management.orangejelly.co.uk/events/live-at-the-anchor-2026-03-21
drilldown-5,4
drilldown-5,4
drilldown-5,4
drilldown-5,4
drilldown-5,4
drilldown-5,4
drilldown-5,4
drilldown-5,4
drilldown-5,4
drilldown-5,4
drilldown-5,4
drilldown-5,4
drilldown-5,4
drilldown-5,4
drilldown-5,4
drilldown-5,4
drilldown-5,4
drilldown-5,4
drilldown-5,4
drilldown-5,4
drilldown-5,4
drilldown-5,4
drilldown-5,4
drilldown-5,4
drilldown-5,4
drilldown-5,4
drilldown-5,4
drilldown-5,4
drilldown-5,4
drilldown-5,4
drilldown-5,4
drilldown-5,3
drilldown-5,3
drilldown-5,3
drilldown-5,3
drilldown-5,3
drilldown-5,3
drilldown-5,3
drilldown-5,2
drilldown-5,2
drilldown-5,2
drilldown-5,2
drilldown-5,2
drilldown-5,2
drilldown-5,2
drilldown-5,2
drilldown-5,2
drilldown-5,2
drilldown-5,2
drilldown-5,2
drilldown-5,2
drilldown-5,2
drilldown-5,2
drilldown-5,2
drilldown-5,2
drilldown-5,2
drilldown-5,2
drilldown-5,2
drilldown-5,2
drilldown-5,2
drilldown-5,2
drilldown-5,2
drilldown-5,2
drilldown-5,2
drilldown-5,2
drilldown-5,2
drilldown-5,2
drilldown-5,2
drilldown-5,2
drilldown-5,2
drilldown-5,2
drilldown-5,2
drilldown-5,2
drilldown-5,2
drilldown-5,2
drilldown-5,2
drilldown-5,2
drilldown-5,2
drilldown-5,2
drilldown-5,2
drilldown-5,2
drilldown-5,2
drilldown-5,2
drilldown-5,2
drilldown-5,https://management.orangejelly.co.uk/auth/login?redirectedFrom=/events/pub-quiz-2026-02-04
drilldown-5,https://management.orangejelly.co.uk/auth/login?redirectedFrom=/events/bingo-2026-07-29
drilldown-6,20
drilldown-6,20
drilldown-6,20
drilldown-6,20
drilldown-6,18
drilldown-6,18
drilldown-6,18
drilldown-6,18
drilldown-6,18
drilldown-6,18
drilldown-6,18
drilldown-6,16
drilldown-6,16
drilldown-6,16
drilldown-6,16
drilldown-6,47
drilldown-6,47
drilldown-6,46
drilldown-6,46
drilldown-6,46
drilldown-6,46
drilldown-6,46
drilldown-6,46
drilldown-6,46
drilldown-6,46
drilldown-6,46
drilldown-6,46
drilldown-6,46
drilldown-6,46
drilldown-6,46
drilldown-6,46
drilldown-6,46
drilldown-6,46
drilldown-6,46
drilldown-6,46
drilldown-6,46
drilldown-6,46
drilldown-6,46
drilldown-6,47
drilldown-6,47
drilldown-6,47
drilldown-6,47
drilldown-6,49
drilldown-6,49
drilldown-6,49
drilldown-6,49
drilldown-6,49
drilldown-6,49
drilldown-6,49
drilldown-6,49
drilldown-6,49
drilldown-6,49
drilldown-6,51
drilldown-6,51
drilldown-6,51
drilldown-6,51
drilldown-6,50
drilldown-6,50
drilldown-6,50
drilldown-6,50
drilldown-6,50
drilldown-6,50
drilldown-6,50
drilldown-6,50
drilldown-6,50
drilldown-6,50
drilldown-6,50
drilldown-6,50
drilldown-6,50
drilldown-6,50
drilldown-6,58
drilldown-6,58
drilldown-6,58
drilldown-6,44
drilldown-6,44
drilldown-6,44
drilldown-6,44
drilldown-6,43
drilldown-6,43
drilldown-6,43
drilldown-6,44
drilldown-6,44
drilldown-6,44
drilldown-6,44
drilldown-6,https://www.orangejelly.co.uk/capabilities
drilldown-6,https://www.orangejelly.co.uk/compete-with-pub-chains
drilldown-6,https://www.orangejelly.co.uk/licensees-guide/autumn-pub-event-ideas
drilldown-6,https://www.orangejelly.co.uk/licensees-guide/autumn-rugby-nations-championship-pubs
drilldown-6,https://www.orangejelly.co.uk/licensees-guide/cash-flow-crisis-breaking-cycle
drilldown-6,https://www.orangejelly.co.uk/licensees-guide/cask-ale-week-pub-guide
drilldown-6,https://www.orangejelly.co.uk/licensees-guide/category/events
drilldown-6,https://www.orangejelly.co.uk/licensees-guide/category/food-drink
drilldown-6,https://www.orangejelly.co.uk/licensees-guide/category/operations
drilldown-6,https://www.orangejelly.co.uk/licensees-guide/category/revenue-growth
drilldown-6,https://www.orangejelly.co.uk/licensees-guide/christmas-pub-event-ideas
drilldown-6,https://www.orangejelly.co.uk/licensees-guide/google-business-profile-pub-guide
drilldown-6,https://www.orangejelly.co.uk/licensees-guide/how-much-profit-does-a-pub-make
drilldown-6,https://www.orangejelly.co.uk/licensees-guide/how-to-attract-families-to-your-pub
drilldown-6,https://www.orangejelly.co.uk/licensees-guide/how-to-run-successful-pub-events
drilldown-6,https://www.orangejelly.co.uk/licensees-guide/low-budget-pub-marketing-ideas
drilldown-6,https://www.orangejelly.co.uk/licensees-guide/macmillan-coffee-morning-pub-guide
drilldown-6,https://www.orangejelly.co.uk/licensees-guide/national-drinks-days-pub-guide
drilldown-6,https://www.orangejelly.co.uk/licensees-guide/pop-up-events-for-pubs
drilldown-6,https://www.orangejelly.co.uk/licensees-guide/pub-christmas-bookings-fill-december
drilldown-6,https://www.orangejelly.co.uk/licensees-guide/pub-epos-system-guide
drilldown-6,https://www.orangejelly.co.uk/licensees-guide/pub-event-ideas
drilldown-6,https://www.orangejelly.co.uk/licensees-guide/pub-new-years-eve-planning-guide
drilldown-6,https://www.orangejelly.co.uk/licensees-guide/pub-six-nations-rugby-marketing
drilldown-6,https://www.orangejelly.co.uk/licensees-guide/pub-wages-labour-costs-guide
drilldown-6,https://www.orangejelly.co.uk/licensees-guide/seasonal-pub-events-calendar
drilldown-6,https://www.orangejelly.co.uk/licensees-guide/sober-october-low-no-alcohol-pubs
drilldown-6,https://www.orangejelly.co.uk/licensees-guide/summer-pub-marketing
drilldown-6,https://www.orangejelly.co.uk/licensees-guide/village-pub-dying-village-survival
drilldown-6,https://www.orangejelly.co.uk/licensees-guide/wet-led-vs-food-led-pubs
drilldown-6,https://www.orangejelly.co.uk/licensees-guide/wine-tasting-evenings-for-pubs
drilldown-6,https://www.orangejelly.co.uk/licensees-guide/young-people-wont-come-to-your-pub
drilldown-6,https://www.orangejelly.co.uk/pub-marketing
drilldown-6,https://www.orangejelly.co.uk/pub-marketing-agency
drilldown-6,https://www.orangejelly.co.uk/pub-marketing-buckinghamshire
drilldown-6,https://www.orangejelly.co.uk/pub-marketing-hampshire
drilldown-6,https://www.orangejelly.co.uk/pub-marketing-hertfordshire
drilldown-6,https://www.orangejelly.co.uk/pub-marketing-london
drilldown-6,https://www.orangejelly.co.uk/pub-marketing-oxfordshire
drilldown-6,https://www.orangejelly.co.uk/pub-marketing-surrey
drilldown-6,https://www.orangejelly.co.uk/ways-to-work/growth-fix
drilldown-6,https://www.orangejelly.co.uk/ways-to-work/growth-partner
drilldown-6,https://www.orangejelly.co.uk/ways-to-work/momentum-month
drilldown-6,https://www.orangejelly.co.uk/ways-to-work/turnaround-intensive
drilldown-7,21
drilldown-7,22
drilldown-7,22
drilldown-7,22
drilldown-7,19
drilldown-7,19
drilldown-7,19
drilldown-7,19
drilldown-7,19
drilldown-7,19
drilldown-7,19
drilldown-7,19
drilldown-7,19
drilldown-7,19
drilldown-7,19
drilldown-7,19
drilldown-7,19
drilldown-7,17
drilldown-7,17
drilldown-7,17
drilldown-7,17
drilldown-7,18
drilldown-7,18
drilldown-7,18
drilldown-7,20
drilldown-7,20
drilldown-7,20
drilldown-7,20
drilldown-7,20
drilldown-7,20
drilldown-7,20
drilldown-7,22
drilldown-7,22
drilldown-7,22
drilldown-7,22
drilldown-7,27
drilldown-7,27
drilldown-7,27
drilldown-7,42
drilldown-7,42
drilldown-7,42
drilldown-7,42
drilldown-7,42
drilldown-7,42
drilldown-7,42
drilldown-7,41
drilldown-7,41
drilldown-7,41
drilldown-7,41
drilldown-7,34
drilldown-7,34
drilldown-7,34
drilldown-7,21
drilldown-7,21
drilldown-7,21
drilldown-7,21
drilldown-7,21
drilldown-7,21
drilldown-7,21
drilldown-7,19
drilldown-7,19
drilldown-7,19
drilldown-7,19
drilldown-7,19
drilldown-7,19
drilldown-7,19
drilldown-7,19
drilldown-7,19
drilldown-7,19
drilldown-7,19
drilldown-7,23
drilldown-7,23
drilldown-7,23
drilldown-7,29
drilldown-7,29
drilldown-7,29
drilldown-7,29
drilldown-7,27
drilldown-7,27
drilldown-7,27
drilldown-7,30
drilldown-7,30
drilldown-7,30
drilldown-7,30
drilldown-7,https://www.orangejelly.co.uk/licensees-guide/pub-toilet-refurbishment-budget-guide
drilldown-7,https://www.orangejelly.co.uk/licensees-guide/pub-health-check-essential-fundamentals-licensee-success
drilldown-7,https://www.orangejelly.co.uk/quiet-midweek-solutions
drilldown-7,https://www.orangejelly.co.uk/licensees-guide/email-marketing-pub-retention
drilldown-7,https://www.orangejelly.co.uk/licensees-guide/buying-a-pub-complete-guide
drilldown-7,https://www.orangejelly.co.uk/licensees-guide/turn-heating-costs-into-winter-wins
drilldown-7,https://www.orangejelly.co.uk/licensees-guide/category/turnaround
drilldown-7,https://www.orangejelly.co.uk/licensees-guide/energy-bill-shock-cut-venue-costs
drilldown-7,https://www.orangejelly.co.uk/licensees-guide/category/marketing
drilldown-7,https://www.orangejelly.co.uk/empty-pub-solutions
drilldown-7,https://www.orangejelly.co.uk/licensees-guide/turnaround-playbook-independent-bars
drilldown-7,https://www.orangejelly.co.uk/licensees-guide/live-music-events-for-pubs
drilldown-7,https://www.orangejelly.co.uk/licensees-guide/music-bingo-101
drilldown-7,https://www.orangejelly.co.uk/licensees-guide/win-back-locals-after-slow-trade
drilldown-7,https://www.orangejelly.co.uk/licensees-guide/theme-hour-power-hour
drilldown-7,https://www.orangejelly.co.uk/licensees-guide/category/social-media
drilldown-7,https://www.orangejelly.co.uk/licensees-guide/family-craft-hour-101
drilldown-7,https://www.orangejelly.co.uk/licensees-guide/menu-engineering-lift-average-spend
drilldown-7,https://www.orangejelly.co.uk/licensees-guide/community-outreach-reintroduce-pub
drilldown-7,https://www.orangejelly.co.uk/licensees-guide/fizz-street-food-pop-up
drilldown-7,https://www.orangejelly.co.uk/licensees-guide/restart-quiz-music-sport-roi
drilldown-7,https://www.orangejelly.co.uk/licensees-guide/category/toolkits
drilldown-7,https://www.orangejelly.co.uk/licensees-guide/category/sales
drilldown-7,https://www.orangejelly.co.uk/licensees-guide/pub-differentiation-strategies
drilldown-7,https://www.orangejelly.co.uk/licensees-guide/boardgame-night-101
drilldown-7,https://www.orangejelly.co.uk/licensees-guide/epos-data-revenue-comeback
drilldown-7,https://www.orangejelly.co.uk/licensees-guide/survive-off-season-revenue-packages
drilldown-7,https://www.orangejelly.co.uk/pub-marketing-no-budget
drilldown-7,https://www.orangejelly.co.uk/about-demo
drilldown-7,https://www.orangejelly.co.uk/licensees-guide/fill-empty-pub-tables
