url,inbound_links,outbound_links,is_orphan,pagerank,impressions_if_known
https://www.orangejelly.co.uk/capabilities,1035,36,no,,
https://www.orangejelly.co.uk/,602,70,no,,
https://www.orangejelly.co.uk/ways-to-work,449,41,no,,
https://www.orangejelly.co.uk/about,411,39,no,,
https://www.orangejelly.co.uk/contact,338,37,no,,
https://www.orangejelly.co.uk/results,312,37,no,,
https://www.orangejelly.co.uk/ways-to-work/turnaround-intensive,270,35,no,,
https://www.orangejelly.co.uk/licensees-guide,269,158,no,,
https://www.orangejelly.co.uk/licensees-guide/autumn-pub-event-ideas,223,84,no,,
https://www.orangejelly.co.uk/ways-to-work/growth-fix,177,35,no,,
https://www.orangejelly.co.uk/pub-marketing,168,67,no,,
https://www.orangejelly.co.uk/ways-to-work/growth-partner,165,35,no,,
https://www.orangejelly.co.uk/licensees-guide/christmas-pub-event-ideas,163,71,no,,
https://www.orangejelly.co.uk/pub-marketing-berkshire,162,46,no,,
https://www.orangejelly.co.uk/pub-marketing-buckinghamshire,162,46,no,,
https://www.orangejelly.co.uk/pub-marketing-hampshire,162,46,no,,
https://www.orangejelly.co.uk/pub-marketing-hertfordshire,162,46,no,,
https://www.orangejelly.co.uk/pub-marketing-kent,162,46,no,,
https://www.orangejelly.co.uk/pub-marketing-london,162,46,no,,
https://www.orangejelly.co.uk/pub-marketing-oxfordshire,162,46,no,,
https://www.orangejelly.co.uk/pub-marketing-surrey,162,46,no,,
https://www.orangejelly.co.uk/ways-to-work/momentum-month,160,35,no,,
https://www.orangejelly.co.uk/services/social-media-marketing-for-pubs,154,35,no,,
https://www.orangejelly.co.uk/services/content-creation-for-pubs,153,35,no,,
https://www.orangejelly.co.uk/services/paid-social-for-pubs,152,35,no,,
https://www.orangejelly.co.uk/pub-marketing-agency,57,41,no,,
https://www.orangejelly.co.uk/licensees-guide/category/events,42,75,no,,
https://www.orangejelly.co.uk/licensees-guide/autumn-rugby-nations-championship-pubs,41,56,no,,
https://www.orangejelly.co.uk/licensees-guide/summer-pub-marketing,40,59,no,,
https://www.orangejelly.co.uk/licensees-guide/black-friday-pub-ideas,39,56,no,,
https://www.orangejelly.co.uk/licensees-guide/category/operations,33,66,no,,
https://www.orangejelly.co.uk/licensees-guide/category/marketing,31,63,no,,
https://www.orangejelly.co.uk/licensees-guide/food-allergies-gdpr-compliance,30,50,no,,
https://www.orangejelly.co.uk/licensees-guide/christmas-pub-promotion-ideas,29,55,no,,
https://www.orangejelly.co.uk/licensees-guide/instagram-marketing-for-pubs,27,53,no,,
https://www.orangejelly.co.uk/licensees-guide/how-much-profit-does-a-pub-make,26,58,no,,
https://www.orangejelly.co.uk/licensees-guide/wet-led-vs-food-led-pubs,26,54,no,,
https://www.orangejelly.co.uk/licensees-guide/category/turnaround,25,57,no,,
https://www.orangejelly.co.uk/licensees-guide/pub-marketing-plan-2026-monthly-guide,23,60,no,,
https://www.orangejelly.co.uk/fix-my-pub,22,38,no,,
https://www.orangejelly.co.uk/licensees-guide/community-outreach-reintroduce-pub,22,50,no,,
https://www.orangejelly.co.uk/licensees-guide/category/revenue-growth,21,55,no,,
https://www.orangejelly.co.uk/licensees-guide/seasonal-pub-events-calendar,19,51,no,,
https://www.orangejelly.co.uk/licensees-guide/social-media-strategy-for-pubs,19,53,no,,
https://www.orangejelly.co.uk/licensees-guide/fill-empty-pub-tables,18,54,no,,
https://www.orangejelly.co.uk/licensees-guide/how-to-attract-families-to-your-pub,17,54,no,,
https://www.orangejelly.co.uk/licensees-guide/energy-bill-shock-cut-venue-costs,16,50,no,,
https://www.orangejelly.co.uk/licensees-guide/epos-data-revenue-comeback,16,50,no,,
https://www.orangejelly.co.uk/licensees-guide/how-to-run-successful-pub-events,16,72,no,,
https://www.orangejelly.co.uk/licensees-guide/revenue-levers-struggling-pubs,16,53,no,,
https://www.orangejelly.co.uk/licensees-guide/menu-engineering-lift-average-spend,15,53,no,,
https://www.orangejelly.co.uk/quiet-midweek-solutions,14,39,no,,
https://www.orangejelly.co.uk/licensees-guide/cask-ale-week-pub-guide,13,57,no,,
https://www.orangejelly.co.uk/licensees-guide/national-drinks-days-pub-guide,13,57,no,,
https://www.orangejelly.co.uk/licensees-guide/category/people,12,45,no,,
https://www.orangejelly.co.uk/licensees-guide/category/food-drink,11,44,no,,
https://www.orangejelly.co.uk/licensees-guide/category/property,11,44,no,,
https://www.orangejelly.co.uk/licensees-guide/profitable-pub-food-menu-ideas,11,52,no,,
https://www.orangejelly.co.uk/licensees-guide/pub-health-check-essential-fundamentals-licensee-success,11,83,no,,
https://www.orangejelly.co.uk/licensees-guide/quiz-night-101,11,50,no,,
https://www.orangejelly.co.uk/licensees-guide/quiz-night-ideas,11,55,no,,
https://www.orangejelly.co.uk/licensees-guide/staff-motivation-hacks-no-pay-rise,11,50,no,,
https://www.orangejelly.co.uk/compete-with-pub-chains,10,38,no,,
https://www.orangejelly.co.uk/licensees-guide/email-marketing-pub-retention,10,55,no,,
https://www.orangejelly.co.uk/licensees-guide/pub-christmas-bookings-fill-december,10,56,no,,
https://www.orangejelly.co.uk/licensees-guide/summer-pub-event-ideas,10,55,no,,
https://www.orangejelly.co.uk/licensees-guide/zero-waste-stock-management-pubs,10,50,no,,
https://www.orangejelly.co.uk/licensees-guide/facebook-marketing-local-pubs,9,51,no,,
https://www.orangejelly.co.uk/licensees-guide/live-music-events-for-pubs,9,49,no,,
https://www.orangejelly.co.uk/licensees-guide/low-budget-pub-marketing-ideas,9,53,no,,
https://www.orangejelly.co.uk/licensees-guide/midweek-pub-offers-that-work,9,53,no,,
https://www.orangejelly.co.uk/licensees-guide/oktoberfest-pub-guide,9,57,no,,
https://www.orangejelly.co.uk/licensees-guide/pub-drinks-menu-design-guide,9,55,no,,
https://www.orangejelly.co.uk/licensees-guide/pub-halloween-bonfire-night-events,9,58,no,,
https://www.orangejelly.co.uk/licensees-guide/rescue-your-margins-drinks-mix,9,50,no,,
https://www.orangejelly.co.uk/licensees-guide/sober-october-low-no-alcohol-pubs,9,56,no,,
https://www.orangejelly.co.uk/licensees-guide/upselling-secrets-training-scripts,9,50,no,,
https://www.orangejelly.co.uk/licensees-guide/wine-tasting-evenings-for-pubs,9,58,no,,
https://www.orangejelly.co.uk/services,9,41,no,,
https://www.orangejelly.co.uk/empty-pub-solutions,8,38,no,,
https://www.orangejelly.co.uk/licensees-guide/build-loyalty-scheme-fill-pub,8,52,no,,
https://www.orangejelly.co.uk/licensees-guide/double-drinks-profit-without-selling-more,8,50,no,,
https://www.orangejelly.co.uk/licensees-guide/macmillan-coffee-morning-pub-guide,8,56,no,,
https://www.orangejelly.co.uk/licensees-guide/music-bingo-101,8,50,no,,
https://www.orangejelly.co.uk/licensees-guide/pub-differentiation-strategies,8,54,no,,
https://www.orangejelly.co.uk/licensees-guide/pub-new-years-eve-planning-guide,8,57,no,,
https://www.orangejelly.co.uk/licensees-guide/terrible-online-reviews-damage-control,8,50,no,,
https://www.orangejelly.co.uk/licensees-guide/why-is-my-pub-empty,8,54,no,,
https://www.orangejelly.co.uk/licensees-guide/boardgame-night-101,7,50,no,,
https://www.orangejelly.co.uk/licensees-guide/brewery-tie-improve-your-deal,7,52,no,,
https://www.orangejelly.co.uk/licensees-guide/buying-a-pub-complete-guide,7,55,no,,
https://www.orangejelly.co.uk/licensees-guide/compete-with-wetherspoons,7,54,no,,
https://www.orangejelly.co.uk/licensees-guide/family-craft-hour-101,7,50,no,,
https://www.orangejelly.co.uk/licensees-guide/karaoke-night-101,7,50,no,,
https://www.orangejelly.co.uk/licensees-guide/pub-chalkboard-a-board-ideas,7,56,no,,
https://www.orangejelly.co.uk/licensees-guide/pub-event-ideas,7,62,no,,
https://www.orangejelly.co.uk/licensees-guide/pub-six-nations-rugby-marketing,7,55,no,,
https://www.orangejelly.co.uk/licensees-guide/pub-toilet-refurbishment-budget-guide,7,54,no,,
https://www.orangejelly.co.uk/licensees-guide/cash-flow-crisis-breaking-cycle,6,38,no,,
https://www.orangejelly.co.uk/licensees-guide/cashflow-fixes-when-trade-drops,6,50,no,,
https://www.orangejelly.co.uk/licensees-guide/content-marketing-ideas-pubs,6,51,no,,
https://www.orangejelly.co.uk/licensees-guide/does-your-pub-need-a-website,6,54,no,,
https://www.orangejelly.co.uk/licensees-guide/food-hygiene-rating-five-star-guide,6,56,no,,
https://www.orangejelly.co.uk/licensees-guide/google-business-profile-pub-guide,6,56,no,,
https://www.orangejelly.co.uk/licensees-guide/low-cost-decor-refreshes-new-improved,6,50,no,,
https://www.orangejelly.co.uk/licensees-guide/pop-up-events-for-pubs,6,54,no,,
https://www.orangejelly.co.uk/licensees-guide/pub-business-plan-template-guide,6,62,no,,
https://www.orangejelly.co.uk/licensees-guide/pub-empty-tuesday-nights,6,51,no,,
https://www.orangejelly.co.uk/licensees-guide/pub-licensing-premises-personal-licence-guide,6,55,no,,
https://www.orangejelly.co.uk/licensees-guide/pub-recruitment-hiring-bar-staff,6,53,no,,
https://www.orangejelly.co.uk/licensees-guide/pub-refurbishment-on-budget,6,51,no,,
https://www.orangejelly.co.uk/licensees-guide/reboot-pub-atmosphere-on-budget,6,50,no,,
https://www.orangejelly.co.uk/licensees-guide/recession-proof-pub-strategies,6,50,no,,
https://www.orangejelly.co.uk/licensees-guide/survive-off-season-revenue-packages,6,50,no,,
https://www.orangejelly.co.uk/licensees-guide/turn-heating-costs-into-winter-wins,6,51,no,,
https://www.orangejelly.co.uk/pub-marketing-no-budget,6,37,no,,
https://www.orangejelly.co.uk/licensees-guide/30-day-action-plan-stabilise-hospitality,5,50,no,,
https://www.orangejelly.co.uk/licensees-guide/cash-bingo-101,5,50,no,,
https://www.orangejelly.co.uk/licensees-guide/cellar-management-beer-quality-guide,5,55,no,,
https://www.orangejelly.co.uk/licensees-guide/nobody-books-tables-anymore,5,50,no,,
https://www.orangejelly.co.uk/licensees-guide/premium-pub-positioning,5,51,no,,
https://www.orangejelly.co.uk/licensees-guide/prs-ppl-music-licensing-pubs,5,57,no,,
https://www.orangejelly.co.uk/licensees-guide/pub-insurance-cover-guide,5,54,no,,
https://www.orangejelly.co.uk/licensees-guide/quiet-monday-night-promotions,5,51,no,,
https://www.orangejelly.co.uk/licensees-guide/summer-moments-simple-campaigns,5,50,no,,
https://www.orangejelly.co.uk/licensees-guide/theme-hour-power-hour,5,50,no,,
https://www.orangejelly.co.uk/contact?package=growth-fix,4,37,no,,
https://www.orangejelly.co.uk/contact?package=turnaround-intensive,4,37,no,,
https://www.orangejelly.co.uk/licensees-guide/delivery-click-collect-without-harm,4,50,no,,
https://www.orangejelly.co.uk/licensees-guide/how-to-respond-bad-pub-reviews,4,53,no,,
https://www.orangejelly.co.uk/licensees-guide/local-pub-marketing,4,67,no,,
https://www.orangejelly.co.uk/licensees-guide/partnering-local-brands-share-marketing,4,50,no,,
https://www.orangejelly.co.uk/licensees-guide/pub-accessibility-welcoming-guide,4,54,no,,
https://www.orangejelly.co.uk/licensees-guide/pub-epos-system-guide,4,54,no,,
https://www.orangejelly.co.uk/licensees-guide/pub-event-template-profit-nights,4,50,no,,
https://www.orangejelly.co.uk/licensees-guide/pub-health-safety-checklist,4,55,no,,
https://www.orangejelly.co.uk/licensees-guide/pub-vat-accounting-guide,4,55,no,,
https://www.orangejelly.co.uk/licensees-guide/pub-wages-labour-costs-guide,4,55,no,,
https://www.orangejelly.co.uk/licensees-guide/rent-supplier-negotiations-cash-tight,4,50,no,,
https://www.orangejelly.co.uk/licensees-guide/restart-quiz-music-sport-roi,4,50,no,,
https://www.orangejelly.co.uk/licensees-guide/social-media-tactics-footfall-seven-days,4,50,no,,
https://www.orangejelly.co.uk/licensees-guide/turnaround-playbook-independent-bars,4,53,no,,
https://www.orangejelly.co.uk/licensees-guide/village-pub-dying-village-survival,4,51,no,,
https://www.orangejelly.co.uk/licensees-guide/win-back-locals-after-slow-trade,4,50,no,,
https://www.orangejelly.co.uk/licensees-guide/young-people-wont-come-to-your-pub,4,50,no,,
https://www.orangejelly.co.uk/licensees-guide/beat-chain-pubs,3,54,no,,
https://www.orangejelly.co.uk/licensees-guide/kitchen-nightmares-chef-quits,3,50,no,,
https://www.orangejelly.co.uk/contact?package=growth-partner,2,37,no,,
https://www.orangejelly.co.uk/contact?package=momentum-month,2,37,no,,
https://www.orangejelly.co.uk/licensees-guide/fill-empty-seats-midweek-offers,1,54,no,,
https://www.orangejelly.co.uk/licensees-guide/pub-wages-labour-costs-uk,1,0,no,,
https://www.orangejelly.co.uk/services/instagram-services-for-pubs,1,33,no,,
https://www.orangejelly.co.uk/pub-rescue,0,37,yes,,
