url,status,final_url,is_redirect,redirect_chain,canonical,canonical_status,robots_meta,x_robots_tag,in_sitemap,schema_types,content_type,missing_alt_count,collected_at
https://www.orangejelly.co.uk/,200,https://www.orangejelly.co.uk/,no,none,https://www.orangejelly.co.uk,self,"index, follow",,yes,"Answer, BreadcrumbList, ContactPoint, FAQPage, GeoCoordinates, ImageObject, ListItem, Person, PostalAddress, ProfessionalService, Question, SpeakableSpecification, WebPage, WebSite",text/html; charset=utf-8,0,2026-07-07T06:12:25.467642+00:00
https://www.orangejelly.co.uk/licensees-guide/pub-marketing-plan-2026-monthly-guide,200,https://www.orangejelly.co.uk/licensees-guide/pub-marketing-plan-2026-monthly-guide,no,none,https://www.orangejelly.co.uk/licensees-guide/pub-marketing-plan-2026-monthly-guide,self,"index, follow, max-video-preview:-1, max-image-preview:large, max-snippet:-1",,yes,"Answer, BlogPosting, BreadcrumbList, ContactPoint, FAQPage, GeoCoordinates, ImageObject, ListItem, Organization, Person, PostalAddress, ProfessionalService, Question, SpeakableSpecification, Thing, WebPage, WebSite",text/html; charset=utf-8,0,2026-07-07T06:12:25.467642+00:00
https://www.orangejelly.co.uk/licensees-guide/autumn-rugby-nations-championship-pubs,200,https://www.orangejelly.co.uk/licensees-guide/autumn-rugby-nations-championship-pubs,no,none,https://www.orangejelly.co.uk/licensees-guide/autumn-rugby-nations-championship-pubs,self,"index, follow, max-video-preview:-1, max-image-preview:large, max-snippet:-1",,yes,"Answer, BlogPosting, BreadcrumbList, ContactPoint, FAQPage, GeoCoordinates, ImageObject, ListItem, Organization, Person, PostalAddress, ProfessionalService, Question, SpeakableSpecification, Thing, WebPage, WebSite",text/html; charset=utf-8,0,2026-07-07T06:12:25.467642+00:00
https://www.orangejelly.co.uk/licensees-guide/pub-new-years-eve-planning-guide,200,https://www.orangejelly.co.uk/licensees-guide/pub-new-years-eve-planning-guide,no,none,https://www.orangejelly.co.uk/licensees-guide/pub-new-years-eve-planning-guide,self,"index, follow, max-video-preview:-1, max-image-preview:large, max-snippet:-1",,yes,"Answer, BlogPosting, BreadcrumbList, ContactPoint, FAQPage, GeoCoordinates, ImageObject, ListItem, Organization, Person, PostalAddress, ProfessionalService, Question, SpeakableSpecification, Thing, WebPage, WebSite",text/html; charset=utf-8,0,2026-07-07T06:12:25.467642+00:00
https://www.orangejelly.co.uk/licensees-guide/category/property,200,https://www.orangejelly.co.uk/licensees-guide/category/property,no,none,https://www.orangejelly.co.uk/licensees-guide/category/property,self,"index, follow",,yes,"BlogPosting, BreadcrumbList, CollectionPage, ContactPoint, GeoCoordinates, ImageObject, ItemList, ListItem, Organization, Person, PostalAddress, ProfessionalService, WebSite",text/html; charset=utf-8,0,2026-07-07T06:12:25.467642+00:00
https://www.orangejelly.co.uk/licensees-guide/cashflow-fixes-when-trade-drops,200,https://www.orangejelly.co.uk/licensees-guide/cashflow-fixes-when-trade-drops,no,none,https://www.orangejelly.co.uk/licensees-guide/cashflow-fixes-when-trade-drops,self,"index, follow, max-video-preview:-1, max-image-preview:large, max-snippet:-1",,yes,"Answer, BlogPosting, BreadcrumbList, ContactPoint, FAQPage, GeoCoordinates, ImageObject, ListItem, Organization, Person, PostalAddress, ProfessionalService, Question, SpeakableSpecification, Thing, WebPage, WebSite",text/html; charset=utf-8,0,2026-07-07T06:12:25.467642+00:00
https://www.orangejelly.co.uk/licensees-guide/category/revenue-growth,200,https://www.orangejelly.co.uk/licensees-guide/category/revenue-growth,no,none,https://www.orangejelly.co.uk/licensees-guide/category/revenue-growth,self,"index, follow",,yes,"BlogPosting, BreadcrumbList, CollectionPage, ContactPoint, GeoCoordinates, ImageObject, ItemList, ListItem, Organization, Person, PostalAddress, ProfessionalService, WebSite",text/html; charset=utf-8,0,2026-07-07T06:12:25.467642+00:00
https://www.orangejelly.co.uk/licensees-guide/low-budget-pub-marketing-ideas,200,https://www.orangejelly.co.uk/licensees-guide/low-budget-pub-marketing-ideas,no,none,https://www.orangejelly.co.uk/licensees-guide/low-budget-pub-marketing-ideas,self,"index, follow, max-video-preview:-1, max-image-preview:large, max-snippet:-1",,yes,"Answer, BlogPosting, BreadcrumbList, ContactPoint, FAQPage, GeoCoordinates, ImageObject, ListItem, Organization, Person, PostalAddress, ProfessionalService, Question, SpeakableSpecification, Thing, WebPage, WebSite",text/html; charset=utf-8,0,2026-07-07T06:12:25.467642+00:00
https://www.orangejelly.co.uk/ways-to-work/growth-fix,200,https://www.orangejelly.co.uk/ways-to-work/growth-fix,no,none,https://www.orangejelly.co.uk/ways-to-work/growth-fix,self,"index, follow, max-video-preview:-1, max-image-preview:large, max-snippet:-1",,yes,"BreadcrumbList, ContactPoint, GeoCoordinates, ImageObject, ListItem, Offer, Organization, Person, PostalAddress, ProfessionalService, Service, UnitPriceSpecification, WebSite",text/html; charset=utf-8,0,2026-07-07T06:12:25.467642+00:00
https://www.orangejelly.co.uk/licensees-guide/young-people-wont-come-to-your-pub,200,https://www.orangejelly.co.uk/licensees-guide/young-people-wont-come-to-your-pub,no,none,https://www.orangejelly.co.uk/licensees-guide/young-people-wont-come-to-your-pub,self,"index, follow, max-video-preview:-1, max-image-preview:large, max-snippet:-1",,yes,"Answer, BlogPosting, BreadcrumbList, ContactPoint, FAQPage, GeoCoordinates, ImageObject, ListItem, Organization, Person, PostalAddress, ProfessionalService, Question, SpeakableSpecification, Thing, WebPage, WebSite",text/html; charset=utf-8,0,2026-07-07T06:12:25.467642+00:00
https://www.orangejelly.co.uk/licensees-guide/village-pub-dying-village-survival,200,https://www.orangejelly.co.uk/licensees-guide/village-pub-dying-village-survival,no,none,https://www.orangejelly.co.uk/licensees-guide/village-pub-dying-village-survival,self,"index, follow, max-video-preview:-1, max-image-preview:large, max-snippet:-1",,yes,"Answer, BlogPosting, BreadcrumbList, ContactPoint, FAQPage, GeoCoordinates, ImageObject, ListItem, Organization, Person, PostalAddress, ProfessionalService, Question, SpeakableSpecification, Thing, WebPage, WebSite",text/html; charset=utf-8,0,2026-07-07T06:12:25.467642+00:00
https://www.orangejelly.co.uk/licensees-guide/pub-six-nations-rugby-marketing,200,https://www.orangejelly.co.uk/licensees-guide/pub-six-nations-rugby-marketing,no,none,https://www.orangejelly.co.uk/licensees-guide/pub-six-nations-rugby-marketing,self,"index, follow, max-video-preview:-1, max-image-preview:large, max-snippet:-1",,yes,"Answer, BlogPosting, BreadcrumbList, ContactPoint, FAQPage, GeoCoordinates, ImageObject, ListItem, Organization, Person, PostalAddress, ProfessionalService, Question, SpeakableSpecification, Thing, WebPage, WebSite",text/html; charset=utf-8,0,2026-07-07T06:12:25.467642+00:00
https://www.orangejelly.co.uk/pub-marketing-buckinghamshire,200,https://www.orangejelly.co.uk/pub-marketing-buckinghamshire,no,none,https://www.orangejelly.co.uk/pub-marketing-buckinghamshire,self,"index, follow",,yes,"AdministrativeArea, Answer, BreadcrumbList, ContactPoint, FAQPage, GeoCoordinates, ImageObject, ListItem, Person, PostalAddress, ProfessionalService, Question, WebSite",text/html; charset=utf-8,0,2026-07-07T06:12:25.467642+00:00
https://www.orangejelly.co.uk/pub-marketing-london,200,https://www.orangejelly.co.uk/pub-marketing-london,no,none,https://www.orangejelly.co.uk/pub-marketing-london,self,"index, follow",,yes,"AdministrativeArea, Answer, BreadcrumbList, ContactPoint, FAQPage, GeoCoordinates, ImageObject, ListItem, Person, PostalAddress, ProfessionalService, Question, WebSite",text/html; charset=utf-8,0,2026-07-07T06:12:25.467642+00:00
https://www.orangejelly.co.uk/fix-my-pub,200,https://www.orangejelly.co.uk/fix-my-pub,no,none,https://www.orangejelly.co.uk/fix-my-pub,self,"index, follow",,yes,"Answer, BreadcrumbList, ContactPoint, FAQPage, GeoCoordinates, ImageObject, ListItem, Person, PostalAddress, ProfessionalService, Question, WebSite",text/html; charset=utf-8,0,2026-07-07T06:12:25.467642+00:00
https://www.orangejelly.co.uk/licensees-guide/instagram-marketing-for-pubs,200,https://www.orangejelly.co.uk/licensees-guide/instagram-marketing-for-pubs,no,none,https://www.orangejelly.co.uk/licensees-guide/instagram-marketing-for-pubs,self,"index, follow, max-video-preview:-1, max-image-preview:large, max-snippet:-1",,yes,"Answer, BlogPosting, BreadcrumbList, ContactPoint, FAQPage, GeoCoordinates, ImageObject, ListItem, Organization, Person, PostalAddress, ProfessionalService, Question, SpeakableSpecification, Thing, WebPage, WebSite",text/html; charset=utf-8,0,2026-07-07T06:12:25.467642+00:00
https://www.orangejelly.co.uk/licensees-guide/pub-refurbishment-on-budget,200,https://www.orangejelly.co.uk/licensees-guide/pub-refurbishment-on-budget,no,none,https://www.orangejelly.co.uk/licensees-guide/pub-refurbishment-on-budget,self,"index, follow, max-video-preview:-1, max-image-preview:large, max-snippet:-1",,yes,"Answer, BlogPosting, BreadcrumbList, ContactPoint, FAQPage, GeoCoordinates, ImageObject, ListItem, Organization, Person, PostalAddress, ProfessionalService, Question, SpeakableSpecification, Thing, WebPage, WebSite",text/html; charset=utf-8,0,2026-07-07T06:12:25.467642+00:00
https://www.orangejelly.co.uk/pub-marketing-berkshire,200,https://www.orangejelly.co.uk/pub-marketing-berkshire,no,none,https://www.orangejelly.co.uk/pub-marketing-berkshire,self,"index, follow",,yes,"AdministrativeArea, Answer, BreadcrumbList, ContactPoint, FAQPage, GeoCoordinates, ImageObject, ListItem, Person, PostalAddress, ProfessionalService, Question, WebSite",text/html; charset=utf-8,0,2026-07-07T06:12:25.467642+00:00
https://www.orangejelly.co.uk/licensees-guide/quiet-monday-night-promotions,200,https://www.orangejelly.co.uk/licensees-guide/quiet-monday-night-promotions,no,none,https://www.orangejelly.co.uk/licensees-guide/quiet-monday-night-promotions,self,"index, follow, max-video-preview:-1, max-image-preview:large, max-snippet:-1",,yes,"Answer, BlogPosting, BreadcrumbList, ContactPoint, FAQPage, GeoCoordinates, ImageObject, ListItem, Organization, Person, PostalAddress, ProfessionalService, Question, SpeakableSpecification, Thing, WebPage, WebSite",text/html; charset=utf-8,0,2026-07-07T06:12:25.467642+00:00
https://www.orangejelly.co.uk/licensees-guide/premium-pub-positioning,200,https://www.orangejelly.co.uk/licensees-guide/premium-pub-positioning,no,none,https://www.orangejelly.co.uk/licensees-guide/premium-pub-positioning,self,"index, follow, max-video-preview:-1, max-image-preview:large, max-snippet:-1",,yes,"Answer, BlogPosting, BreadcrumbList, ContactPoint, FAQPage, GeoCoordinates, ImageObject, ListItem, Organization, Person, PostalAddress, ProfessionalService, Question, SpeakableSpecification, Thing, WebPage, WebSite",text/html; charset=utf-8,0,2026-07-07T06:12:25.467642+00:00
https://www.orangejelly.co.uk/licensees-guide/pub-wages-labour-costs-guide,200,https://www.orangejelly.co.uk/licensees-guide/pub-wages-labour-costs-guide,no,none,https://www.orangejelly.co.uk/licensees-guide/pub-wages-labour-costs-guide,self,"index, follow, max-video-preview:-1, max-image-preview:large, max-snippet:-1",,yes,"Answer, BlogPosting, BreadcrumbList, ContactPoint, FAQPage, GeoCoordinates, ImageObject, ListItem, Organization, Person, PostalAddress, ProfessionalService, Question, SpeakableSpecification, Thing, WebPage, WebSite",text/html; charset=utf-8,0,2026-07-07T06:12:25.467642+00:00
https://www.orangejelly.co.uk/licensees-guide/win-back-locals-after-slow-trade,200,https://www.orangejelly.co.uk/licensees-guide/win-back-locals-after-slow-trade,no,none,https://www.orangejelly.co.uk/licensees-guide/win-back-locals-after-slow-trade,self,"index, follow, max-video-preview:-1, max-image-preview:large, max-snippet:-1",,yes,"Answer, BlogPosting, BreadcrumbList, ContactPoint, FAQPage, GeoCoordinates, ImageObject, ListItem, Organization, Person, PostalAddress, ProfessionalService, Question, SpeakableSpecification, Thing, WebPage, WebSite",text/html; charset=utf-8,0,2026-07-07T06:12:25.467642+00:00
https://www.orangejelly.co.uk/ways-to-work,200,https://www.orangejelly.co.uk/ways-to-work,no,none,https://www.orangejelly.co.uk/ways-to-work,self,"index, follow",,yes,"Answer, BreadcrumbList, ContactPoint, FAQPage, GeoCoordinates, ImageObject, ItemList, ListItem, Person, PostalAddress, ProfessionalService, Question, WebSite",text/html; charset=utf-8,0,2026-07-07T06:12:25.467642+00:00
https://www.orangejelly.co.uk/pub-rescue,200,https://www.orangejelly.co.uk/pub-rescue,no,none,https://www.orangejelly.co.uk/pub-rescue,self,"index, follow",,yes,"Answer, BreadcrumbList, ContactPoint, FAQPage, GeoCoordinates, ImageObject, ListItem, Person, PostalAddress, ProfessionalService, Question, WebSite",text/html; charset=utf-8,0,2026-07-07T06:12:25.467642+00:00
https://www.orangejelly.co.uk/licensees-guide/wet-led-vs-food-led-pubs,200,https://www.orangejelly.co.uk/licensees-guide/wet-led-vs-food-led-pubs,no,none,https://www.orangejelly.co.uk/licensees-guide/wet-led-vs-food-led-pubs,self,"index, follow, max-video-preview:-1, max-image-preview:large, max-snippet:-1",,yes,"Answer, BlogPosting, BreadcrumbList, ContactPoint, FAQPage, GeoCoordinates, ImageObject, ListItem, Organization, Person, PostalAddress, ProfessionalService, Question, SpeakableSpecification, Thing, WebPage, WebSite",text/html; charset=utf-8,0,2026-07-07T06:12:25.467642+00:00
https://www.orangejelly.co.uk/licensees-guide/pub-empty-tuesday-nights,200,https://www.orangejelly.co.uk/licensees-guide/pub-empty-tuesday-nights,no,none,https://www.orangejelly.co.uk/licensees-guide/pub-empty-tuesday-nights,self,"index, follow, max-video-preview:-1, max-image-preview:large, max-snippet:-1",,yes,"Answer, BlogPosting, BreadcrumbList, ContactPoint, FAQPage, GeoCoordinates, ImageObject, ListItem, Organization, Person, PostalAddress, ProfessionalService, Question, SpeakableSpecification, Thing, WebPage, WebSite",text/html; charset=utf-8,0,2026-07-07T06:12:25.467642+00:00
https://www.orangejelly.co.uk/licensees-guide/pub-business-plan-template-guide,200,https://www.orangejelly.co.uk/licensees-guide/pub-business-plan-template-guide,no,none,https://www.orangejelly.co.uk/licensees-guide/pub-business-plan-template-guide,self,"index, follow, max-video-preview:-1, max-image-preview:large, max-snippet:-1",,yes,"Answer, BlogPosting, BreadcrumbList, ContactPoint, FAQPage, GeoCoordinates, ImageObject, ListItem, Organization, Person, PostalAddress, ProfessionalService, Question, SpeakableSpecification, Thing, WebPage, WebSite",text/html; charset=utf-8,0,2026-07-07T06:12:25.467642+00:00
https://www.orangejelly.co.uk/licensees-guide/brewery-tie-improve-your-deal,200,https://www.orangejelly.co.uk/licensees-guide/brewery-tie-improve-your-deal,no,none,https://www.orangejelly.co.uk/licensees-guide/brewery-tie-improve-your-deal,self,"index, follow, max-video-preview:-1, max-image-preview:large, max-snippet:-1",,yes,"Answer, BlogPosting, BreadcrumbList, ContactPoint, FAQPage, GeoCoordinates, ImageObject, ListItem, Organization, Person, PostalAddress, ProfessionalService, Question, SpeakableSpecification, Thing, WebPage, WebSite",text/html; charset=utf-8,0,2026-07-07T06:12:25.467642+00:00
https://www.orangejelly.co.uk/licensees-guide/reboot-pub-atmosphere-on-budget,200,https://www.orangejelly.co.uk/licensees-guide/reboot-pub-atmosphere-on-budget,no,none,https://www.orangejelly.co.uk/licensees-guide/reboot-pub-atmosphere-on-budget,self,"index, follow, max-video-preview:-1, max-image-preview:large, max-snippet:-1",,yes,"Answer, BlogPosting, BreadcrumbList, ContactPoint, FAQPage, GeoCoordinates, ImageObject, ListItem, Organization, Person, PostalAddress, ProfessionalService, Question, SpeakableSpecification, Thing, WebPage, WebSite",text/html; charset=utf-8,0,2026-07-07T06:12:25.467642+00:00
https://www.orangejelly.co.uk/licensees-guide/christmas-pub-promotion-ideas,200,https://www.orangejelly.co.uk/licensees-guide/christmas-pub-promotion-ideas,no,none,https://www.orangejelly.co.uk/licensees-guide/christmas-pub-promotion-ideas,self,"index, follow, max-video-preview:-1, max-image-preview:large, max-snippet:-1",,yes,"Answer, BlogPosting, BreadcrumbList, ContactPoint, FAQPage, GeoCoordinates, ImageObject, ListItem, Organization, Person, PostalAddress, ProfessionalService, Question, SpeakableSpecification, Thing, WebPage, WebSite",text/html; charset=utf-8,0,2026-07-07T06:12:25.467642+00:00
https://www.orangejelly.co.uk/licensees-guide/30-day-action-plan-stabilise-hospitality,200,https://www.orangejelly.co.uk/licensees-guide/30-day-action-plan-stabilise-hospitality,no,none,https://www.orangejelly.co.uk/licensees-guide/30-day-action-plan-stabilise-hospitality,self,"index, follow, max-video-preview:-1, max-image-preview:large, max-snippet:-1",,yes,"Answer, BlogPosting, BreadcrumbList, ContactPoint, FAQPage, GeoCoordinates, ImageObject, ListItem, Organization, Person, PostalAddress, ProfessionalService, Question, SpeakableSpecification, Thing, WebPage, WebSite",text/html; charset=utf-8,0,2026-07-07T06:12:25.467642+00:00
https://www.orangejelly.co.uk/licensees-guide/macmillan-coffee-morning-pub-guide,200,https://www.orangejelly.co.uk/licensees-guide/macmillan-coffee-morning-pub-guide,no,none,https://www.orangejelly.co.uk/licensees-guide/macmillan-coffee-morning-pub-guide,self,"index, follow, max-video-preview:-1, max-image-preview:large, max-snippet:-1",,yes,"Answer, BlogPosting, BreadcrumbList, ContactPoint, FAQPage, GeoCoordinates, ImageObject, ListItem, Organization, Person, PostalAddress, ProfessionalService, Question, SpeakableSpecification, Thing, WebPage, WebSite",text/html; charset=utf-8,0,2026-07-07T06:12:25.467642+00:00
https://www.orangejelly.co.uk/licensees-guide/email-marketing-pub-retention,200,https://www.orangejelly.co.uk/licensees-guide/email-marketing-pub-retention,no,none,https://www.orangejelly.co.uk/licensees-guide/email-marketing-pub-retention,self,"index, follow, max-video-preview:-1, max-image-preview:large, max-snippet:-1",,yes,"Answer, BlogPosting, BreadcrumbList, ContactPoint, FAQPage, GeoCoordinates, ImageObject, ListItem, Organization, Person, PostalAddress, ProfessionalService, Question, SpeakableSpecification, Thing, WebPage, WebSite",text/html; charset=utf-8,0,2026-07-07T06:12:25.467642+00:00
https://www.orangejelly.co.uk/pub-marketing-no-budget,200,https://www.orangejelly.co.uk/pub-marketing-no-budget,no,none,https://www.orangejelly.co.uk/pub-marketing-no-budget,self,"index, follow",,yes,"Answer, BreadcrumbList, ContactPoint, FAQPage, GeoCoordinates, ImageObject, ListItem, Person, PostalAddress, ProfessionalService, Question, WebSite",text/html; charset=utf-8,0,2026-07-07T06:12:25.467642+00:00
https://www.orangejelly.co.uk/licensees-guide/music-bingo-101,200,https://www.orangejelly.co.uk/licensees-guide/music-bingo-101,no,none,https://www.orangejelly.co.uk/licensees-guide/music-bingo-101,self,"index, follow, max-video-preview:-1, max-image-preview:large, max-snippet:-1",,yes,"Answer, BlogPosting, BreadcrumbList, ContactPoint, FAQPage, GeoCoordinates, ImageObject, ListItem, Organization, Person, PostalAddress, ProfessionalService, Question, SpeakableSpecification, Thing, WebPage, WebSite",text/html; charset=utf-8,0,2026-07-07T06:12:25.467642+00:00
https://www.orangejelly.co.uk/licensees-guide/quiz-night-ideas,200,https://www.orangejelly.co.uk/licensees-guide/quiz-night-ideas,no,none,https://www.orangejelly.co.uk/licensees-guide/quiz-night-ideas,self,"index, follow, max-video-preview:-1, max-image-preview:large, max-snippet:-1",,yes,"Answer, BlogPosting, BreadcrumbList, ContactPoint, FAQPage, GeoCoordinates, ImageObject, ListItem, Organization, Person, PostalAddress, ProfessionalService, Question, SpeakableSpecification, Thing, WebPage, WebSite",text/html; charset=utf-8,0,2026-07-07T06:12:25.467642+00:00
https://www.orangejelly.co.uk/licensees-guide/nobody-books-tables-anymore,200,https://www.orangejelly.co.uk/licensees-guide/nobody-books-tables-anymore,no,none,https://www.orangejelly.co.uk/licensees-guide/nobody-books-tables-anymore,self,"index, follow, max-video-preview:-1, max-image-preview:large, max-snippet:-1",,yes,"Answer, BlogPosting, BreadcrumbList, ContactPoint, FAQPage, GeoCoordinates, ImageObject, ListItem, Organization, Person, PostalAddress, ProfessionalService, Question, SpeakableSpecification, Thing, WebPage, WebSite",text/html; charset=utf-8,0,2026-07-07T06:12:25.467642+00:00
https://www.orangejelly.co.uk/results,200,https://www.orangejelly.co.uk/results,no,none,https://www.orangejelly.co.uk/results,self,"index, follow",,yes,"Article, BreadcrumbList, ContactPoint, GeoCoordinates, HowTo, HowToStep, ImageObject, ListItem, Person, PostalAddress, ProfessionalService, WebSite",text/html; charset=utf-8,0,2026-07-07T06:12:25.467642+00:00
https://www.orangejelly.co.uk/licensees-guide/pub-epos-system-guide,200,https://www.orangejelly.co.uk/licensees-guide/pub-epos-system-guide,no,none,https://www.orangejelly.co.uk/licensees-guide/pub-epos-system-guide,self,"index, follow, max-video-preview:-1, max-image-preview:large, max-snippet:-1",,yes,"Answer, BlogPosting, BreadcrumbList, ContactPoint, FAQPage, GeoCoordinates, ImageObject, ListItem, Organization, Person, PostalAddress, ProfessionalService, Question, SpeakableSpecification, Thing, WebPage, WebSite",text/html; charset=utf-8,0,2026-07-07T06:12:25.467642+00:00
https://www.orangejelly.co.uk/licensees-guide/staff-motivation-hacks-no-pay-rise,200,https://www.orangejelly.co.uk/licensees-guide/staff-motivation-hacks-no-pay-rise,no,none,https://www.orangejelly.co.uk/licensees-guide/staff-motivation-hacks-no-pay-rise,self,"index, follow, max-video-preview:-1, max-image-preview:large, max-snippet:-1",,yes,"Answer, BlogPosting, BreadcrumbList, ContactPoint, FAQPage, GeoCoordinates, ImageObject, ListItem, Organization, Person, PostalAddress, ProfessionalService, Question, SpeakableSpecification, Thing, WebPage, WebSite",text/html; charset=utf-8,0,2026-07-07T06:12:25.467642+00:00
https://www.orangejelly.co.uk/licensees-guide/partnering-local-brands-share-marketing,200,https://www.orangejelly.co.uk/licensees-guide/partnering-local-brands-share-marketing,no,none,https://www.orangejelly.co.uk/licensees-guide/partnering-local-brands-share-marketing,self,"index, follow, max-video-preview:-1, max-image-preview:large, max-snippet:-1",,yes,"Answer, BlogPosting, BreadcrumbList, ContactPoint, FAQPage, GeoCoordinates, ImageObject, ListItem, Organization, Person, PostalAddress, ProfessionalService, Question, SpeakableSpecification, Thing, WebPage, WebSite",text/html; charset=utf-8,0,2026-07-07T06:12:25.467642+00:00
https://www.orangejelly.co.uk/licensees-guide/how-to-run-successful-pub-events,200,https://www.orangejelly.co.uk/licensees-guide/how-to-run-successful-pub-events,no,none,https://www.orangejelly.co.uk/licensees-guide/how-to-run-successful-pub-events,self,"index, follow, max-video-preview:-1, max-image-preview:large, max-snippet:-1",,yes,"Answer, BlogPosting, BreadcrumbList, ContactPoint, FAQPage, GeoCoordinates, ImageObject, ListItem, Organization, Person, PostalAddress, ProfessionalService, Question, SpeakableSpecification, Thing, WebPage, WebSite",text/html; charset=utf-8,0,2026-07-07T06:12:25.467642+00:00
https://www.orangejelly.co.uk/licensees-guide/zero-waste-stock-management-pubs,200,https://www.orangejelly.co.uk/licensees-guide/zero-waste-stock-management-pubs,no,none,https://www.orangejelly.co.uk/licensees-guide/zero-waste-stock-management-pubs,self,"index, follow, max-video-preview:-1, max-image-preview:large, max-snippet:-1",,yes,"Answer, BlogPosting, BreadcrumbList, ContactPoint, FAQPage, GeoCoordinates, ImageObject, ListItem, Organization, Person, PostalAddress, ProfessionalService, Question, SpeakableSpecification, Thing, WebPage, WebSite",text/html; charset=utf-8,0,2026-07-07T06:12:25.467642+00:00
https://www.orangejelly.co.uk/pub-marketing-agency,200,https://www.orangejelly.co.uk/pub-marketing-agency,no,none,https://www.orangejelly.co.uk/pub-marketing-agency,self,"index, follow",,yes,"Answer, BreadcrumbList, ContactPoint, FAQPage, GeoCoordinates, ImageObject, ListItem, Person, PostalAddress, ProfessionalService, Question, WebSite",text/html; charset=utf-8,0,2026-07-07T06:12:25.467642+00:00
https://www.orangejelly.co.uk/licensees-guide/pub-recruitment-hiring-bar-staff,200,https://www.orangejelly.co.uk/licensees-guide/pub-recruitment-hiring-bar-staff,no,none,https://www.orangejelly.co.uk/licensees-guide/pub-recruitment-hiring-bar-staff,self,"index, follow, max-video-preview:-1, max-image-preview:large, max-snippet:-1",,yes,"Answer, BlogPosting, BreadcrumbList, ContactPoint, FAQPage, GeoCoordinates, ImageObject, ListItem, Organization, Person, PostalAddress, ProfessionalService, Question, SpeakableSpecification, Thing, WebPage, WebSite",text/html; charset=utf-8,0,2026-07-07T06:12:25.467642+00:00
https://www.orangejelly.co.uk/licensees-guide/pub-accessibility-welcoming-guide,200,https://www.orangejelly.co.uk/licensees-guide/pub-accessibility-welcoming-guide,no,none,https://www.orangejelly.co.uk/licensees-guide/pub-accessibility-welcoming-guide,self,"index, follow, max-video-preview:-1, max-image-preview:large, max-snippet:-1",,yes,"Answer, BlogPosting, BreadcrumbList, ContactPoint, FAQPage, GeoCoordinates, ImageObject, ListItem, Organization, Person, PostalAddress, ProfessionalService, Question, SpeakableSpecification, Thing, WebPage, WebSite",text/html; charset=utf-8,0,2026-07-07T06:12:25.467642+00:00
https://www.orangejelly.co.uk/licensees-guide/summer-moments-simple-campaigns,200,https://www.orangejelly.co.uk/licensees-guide/summer-moments-simple-campaigns,no,none,https://www.orangejelly.co.uk/licensees-guide/summer-moments-simple-campaigns,self,"index, follow, max-video-preview:-1, max-image-preview:large, max-snippet:-1",,yes,"Answer, BlogPosting, BreadcrumbList, ContactPoint, FAQPage, GeoCoordinates, ImageObject, ListItem, Organization, Person, PostalAddress, ProfessionalService, Question, WebPage, WebSite",text/html; charset=utf-8,0,2026-07-07T06:12:25.467642+00:00
https://www.orangejelly.co.uk/ways-to-work/momentum-month,200,https://www.orangejelly.co.uk/ways-to-work/momentum-month,no,none,https://www.orangejelly.co.uk/ways-to-work/momentum-month,self,"index, follow, max-video-preview:-1, max-image-preview:large, max-snippet:-1",,yes,"BreadcrumbList, ContactPoint, GeoCoordinates, ImageObject, ListItem, Offer, Organization, Person, PostalAddress, ProfessionalService, Service, UnitPriceSpecification, WebSite",text/html; charset=utf-8,0,2026-07-07T06:12:25.467642+00:00
https://www.orangejelly.co.uk/licensees-guide/boardgame-night-101,200,https://www.orangejelly.co.uk/licensees-guide/boardgame-night-101,no,none,https://www.orangejelly.co.uk/licensees-guide/boardgame-night-101,self,"index, follow, max-video-preview:-1, max-image-preview:large, max-snippet:-1",,yes,"Answer, BlogPosting, BreadcrumbList, ContactPoint, FAQPage, GeoCoordinates, ImageObject, ListItem, Organization, Person, PostalAddress, ProfessionalService, Question, SpeakableSpecification, Thing, WebPage, WebSite",text/html; charset=utf-8,0,2026-07-07T06:12:25.467642+00:00
https://www.orangejelly.co.uk/licensees-guide/food-allergies-gdpr-compliance,200,https://www.orangejelly.co.uk/licensees-guide/food-allergies-gdpr-compliance,no,none,https://www.orangejelly.co.uk/licensees-guide/food-allergies-gdpr-compliance,self,"index, follow, max-video-preview:-1, max-image-preview:large, max-snippet:-1",,yes,"Answer, BlogPosting, BreadcrumbList, ContactPoint, FAQPage, GeoCoordinates, ImageObject, ListItem, Organization, Person, PostalAddress, ProfessionalService, Question, SpeakableSpecification, Thing, WebPage, WebSite",text/html; charset=utf-8,0,2026-07-07T06:12:25.467642+00:00
https://www.orangejelly.co.uk/licensees-guide/kitchen-nightmares-chef-quits,200,https://www.orangejelly.co.uk/licensees-guide/kitchen-nightmares-chef-quits,no,none,https://www.orangejelly.co.uk/licensees-guide/kitchen-nightmares-chef-quits,self,"index, follow, max-video-preview:-1, max-image-preview:large, max-snippet:-1",,yes,"Answer, BlogPosting, BreadcrumbList, ContactPoint, FAQPage, GeoCoordinates, ImageObject, ListItem, Organization, Person, PostalAddress, ProfessionalService, Question, SpeakableSpecification, Thing, WebPage, WebSite",text/html; charset=utf-8,0,2026-07-07T06:12:25.467642+00:00
https://www.orangejelly.co.uk/licensees-guide/pub-event-template-profit-nights,200,https://www.orangejelly.co.uk/licensees-guide/pub-event-template-profit-nights,no,none,https://www.orangejelly.co.uk/licensees-guide/pub-event-template-profit-nights,self,"index, follow, max-video-preview:-1, max-image-preview:large, max-snippet:-1",,yes,"Answer, BlogPosting, BreadcrumbList, ContactPoint, FAQPage, GeoCoordinates, ImageObject, ListItem, Organization, Person, PostalAddress, ProfessionalService, Question, SpeakableSpecification, Thing, WebPage, WebSite",text/html; charset=utf-8,0,2026-07-07T06:12:25.467642+00:00
https://www.orangejelly.co.uk/licensees-guide/menu-engineering-lift-average-spend,200,https://www.orangejelly.co.uk/licensees-guide/menu-engineering-lift-average-spend,no,none,https://www.orangejelly.co.uk/licensees-guide/menu-engineering-lift-average-spend,self,"index, follow, max-video-preview:-1, max-image-preview:large, max-snippet:-1",,yes,"Answer, BlogPosting, BreadcrumbList, ContactPoint, FAQPage, GeoCoordinates, ImageObject, ListItem, Organization, Person, PostalAddress, ProfessionalService, Question, SpeakableSpecification, Thing, WebPage, WebSite",text/html; charset=utf-8,0,2026-07-07T06:12:25.467642+00:00
https://www.orangejelly.co.uk/licensees-guide/category/operations,200,https://www.orangejelly.co.uk/licensees-guide/category/operations,no,none,https://www.orangejelly.co.uk/licensees-guide/category/operations,self,"index, follow",,yes,"BlogPosting, BreadcrumbList, CollectionPage, ContactPoint, GeoCoordinates, ImageObject, ItemList, ListItem, Organization, Person, PostalAddress, ProfessionalService, WebSite",text/html; charset=utf-8,0,2026-07-07T06:12:25.467642+00:00
https://www.orangejelly.co.uk/pub-marketing-hampshire,200,https://www.orangejelly.co.uk/pub-marketing-hampshire,no,none,https://www.orangejelly.co.uk/pub-marketing-hampshire,self,"index, follow",,yes,"AdministrativeArea, Answer, BreadcrumbList, ContactPoint, FAQPage, GeoCoordinates, ImageObject, ListItem, Person, PostalAddress, ProfessionalService, Question, WebSite",text/html; charset=utf-8,0,2026-07-07T06:12:25.467642+00:00
https://www.orangejelly.co.uk/licensees-guide/why-is-my-pub-empty,200,https://www.orangejelly.co.uk/licensees-guide/why-is-my-pub-empty,no,none,https://www.orangejelly.co.uk/licensees-guide/why-is-my-pub-empty,self,"index, follow, max-video-preview:-1, max-image-preview:large, max-snippet:-1",,yes,"Answer, BlogPosting, BreadcrumbList, ContactPoint, FAQPage, GeoCoordinates, ImageObject, ListItem, Organization, Person, PostalAddress, ProfessionalService, Question, SpeakableSpecification, Thing, WebPage, WebSite",text/html; charset=utf-8,0,2026-07-07T06:12:25.467642+00:00
https://www.orangejelly.co.uk/licensees-guide/pub-differentiation-strategies,200,https://www.orangejelly.co.uk/licensees-guide/pub-differentiation-strategies,no,none,https://www.orangejelly.co.uk/licensees-guide/pub-differentiation-strategies,self,"index, follow, max-video-preview:-1, max-image-preview:large, max-snippet:-1",,yes,"Answer, BlogPosting, BreadcrumbList, ContactPoint, FAQPage, GeoCoordinates, ImageObject, ListItem, Organization, Person, PostalAddress, ProfessionalService, Question, SpeakableSpecification, Thing, WebPage, WebSite",text/html; charset=utf-8,0,2026-07-07T06:12:25.467642+00:00
https://www.orangejelly.co.uk/licensees-guide/pub-drinks-menu-design-guide,200,https://www.orangejelly.co.uk/licensees-guide/pub-drinks-menu-design-guide,no,none,https://www.orangejelly.co.uk/licensees-guide/pub-drinks-menu-design-guide,self,"index, follow, max-video-preview:-1, max-image-preview:large, max-snippet:-1",,yes,"Answer, BlogPosting, BreadcrumbList, ContactPoint, FAQPage, GeoCoordinates, ImageObject, ListItem, Organization, Person, PostalAddress, ProfessionalService, Question, SpeakableSpecification, Thing, WebPage, WebSite",text/html; charset=utf-8,0,2026-07-07T06:12:25.467642+00:00
https://www.orangejelly.co.uk/licensees-guide/double-drinks-profit-without-selling-more,200,https://www.orangejelly.co.uk/licensees-guide/double-drinks-profit-without-selling-more,no,none,https://www.orangejelly.co.uk/licensees-guide/double-drinks-profit-without-selling-more,self,"index, follow, max-video-preview:-1, max-image-preview:large, max-snippet:-1",,yes,"Answer, BlogPosting, BreadcrumbList, ContactPoint, FAQPage, GeoCoordinates, ImageObject, ListItem, Organization, Person, PostalAddress, ProfessionalService, Question, SpeakableSpecification, WebPage, WebSite",text/html; charset=utf-8,0,2026-07-07T06:12:25.467642+00:00
https://www.orangejelly.co.uk/licensees-guide/compete-with-wetherspoons,200,https://www.orangejelly.co.uk/licensees-guide/compete-with-wetherspoons,no,none,https://www.orangejelly.co.uk/licensees-guide/compete-with-wetherspoons,self,"index, follow, max-video-preview:-1, max-image-preview:large, max-snippet:-1",,yes,"Answer, BlogPosting, BreadcrumbList, ContactPoint, FAQPage, GeoCoordinates, ImageObject, ListItem, Organization, Person, PostalAddress, ProfessionalService, Question, SpeakableSpecification, Thing, WebPage, WebSite",text/html; charset=utf-8,0,2026-07-07T06:12:25.467642+00:00
https://www.orangejelly.co.uk/ways-to-work/turnaround-intensive,200,https://www.orangejelly.co.uk/ways-to-work/turnaround-intensive,no,none,https://www.orangejelly.co.uk/ways-to-work/turnaround-intensive,self,"index, follow, max-video-preview:-1, max-image-preview:large, max-snippet:-1",,yes,"BreadcrumbList, ContactPoint, GeoCoordinates, ImageObject, ListItem, Organization, Person, PostalAddress, ProfessionalService, Service, WebSite",text/html; charset=utf-8,0,2026-07-07T06:12:25.467642+00:00
https://www.orangejelly.co.uk/pub-marketing,200,https://www.orangejelly.co.uk/pub-marketing,no,none,https://www.orangejelly.co.uk/pub-marketing,self,"index, follow",,yes,"Answer, BreadcrumbList, ContactPoint, FAQPage, GeoCoordinates, ImageObject, ListItem, Person, PostalAddress, ProfessionalService, Question, WebSite",text/html; charset=utf-8,0,2026-07-07T06:12:25.467642+00:00
https://www.orangejelly.co.uk/licensees-guide/does-your-pub-need-a-website,200,https://www.orangejelly.co.uk/licensees-guide/does-your-pub-need-a-website,no,none,https://www.orangejelly.co.uk/licensees-guide/does-your-pub-need-a-website,self,"index, follow, max-video-preview:-1, max-image-preview:large, max-snippet:-1",,yes,"Answer, BlogPosting, BreadcrumbList, ContactPoint, FAQPage, GeoCoordinates, ImageObject, ListItem, Organization, Person, PostalAddress, ProfessionalService, Question, SpeakableSpecification, Thing, WebPage, WebSite",text/html; charset=utf-8,0,2026-07-07T06:12:25.467642+00:00
https://www.orangejelly.co.uk/licensees-guide/national-drinks-days-pub-guide,200,https://www.orangejelly.co.uk/licensees-guide/national-drinks-days-pub-guide,no,none,https://www.orangejelly.co.uk/licensees-guide/national-drinks-days-pub-guide,self,"index, follow, max-video-preview:-1, max-image-preview:large, max-snippet:-1",,yes,"Answer, BlogPosting, BreadcrumbList, ContactPoint, FAQPage, GeoCoordinates, ImageObject, ListItem, Organization, Person, PostalAddress, ProfessionalService, Question, SpeakableSpecification, Thing, WebPage, WebSite",text/html; charset=utf-8,0,2026-07-07T06:12:25.467642+00:00
https://www.orangejelly.co.uk/licensees-guide/family-craft-hour-101,200,https://www.orangejelly.co.uk/licensees-guide/family-craft-hour-101,no,none,https://www.orangejelly.co.uk/licensees-guide/family-craft-hour-101,self,"index, follow, max-video-preview:-1, max-image-preview:large, max-snippet:-1",,yes,"Answer, BlogPosting, BreadcrumbList, ContactPoint, FAQPage, GeoCoordinates, ImageObject, ListItem, Organization, Person, PostalAddress, ProfessionalService, Question, SpeakableSpecification, Thing, WebPage, WebSite",text/html; charset=utf-8,0,2026-07-07T06:12:25.467642+00:00
https://www.orangejelly.co.uk/licensees-guide/low-cost-decor-refreshes-new-improved,200,https://www.orangejelly.co.uk/licensees-guide/low-cost-decor-refreshes-new-improved,no,none,https://www.orangejelly.co.uk/licensees-guide/low-cost-decor-refreshes-new-improved,self,"index, follow, max-video-preview:-1, max-image-preview:large, max-snippet:-1",,yes,"Answer, BlogPosting, BreadcrumbList, ContactPoint, FAQPage, GeoCoordinates, ImageObject, ListItem, Organization, Person, PostalAddress, ProfessionalService, Question, SpeakableSpecification, Thing, WebPage, WebSite",text/html; charset=utf-8,0,2026-07-07T06:12:25.467642+00:00
https://www.orangejelly.co.uk/licensees-guide/turnaround-playbook-independent-bars,200,https://www.orangejelly.co.uk/licensees-guide/turnaround-playbook-independent-bars,no,none,https://www.orangejelly.co.uk/licensees-guide/turnaround-playbook-independent-bars,self,"index, follow, max-video-preview:-1, max-image-preview:large, max-snippet:-1",,yes,"Answer, BlogPosting, BreadcrumbList, ContactPoint, FAQPage, GeoCoordinates, ImageObject, ListItem, Organization, Person, PostalAddress, ProfessionalService, Question, SpeakableSpecification, Thing, WebPage, WebSite",text/html; charset=utf-8,0,2026-07-07T06:12:25.467642+00:00
https://www.orangejelly.co.uk/licensees-guide/oktoberfest-pub-guide,200,https://www.orangejelly.co.uk/licensees-guide/oktoberfest-pub-guide,no,none,https://www.orangejelly.co.uk/licensees-guide/oktoberfest-pub-guide,self,"index, follow, max-video-preview:-1, max-image-preview:large, max-snippet:-1",,yes,"Answer, BlogPosting, BreadcrumbList, ContactPoint, FAQPage, GeoCoordinates, ImageObject, ListItem, Organization, Person, PostalAddress, ProfessionalService, Question, SpeakableSpecification, Thing, WebPage, WebSite",text/html; charset=utf-8,0,2026-07-07T06:12:25.467642+00:00
https://www.orangejelly.co.uk/licensees-guide/social-media-strategy-for-pubs,200,https://www.orangejelly.co.uk/licensees-guide/social-media-strategy-for-pubs,no,none,https://www.orangejelly.co.uk/licensees-guide/social-media-strategy-for-pubs,self,"index, follow, max-video-preview:-1, max-image-preview:large, max-snippet:-1",,yes,"Answer, BlogPosting, BreadcrumbList, ContactPoint, FAQPage, GeoCoordinates, ImageObject, ListItem, Organization, Person, PostalAddress, ProfessionalService, Question, SpeakableSpecification, Thing, WebPage, WebSite",text/html; charset=utf-8,0,2026-07-07T06:12:25.467642+00:00
https://www.orangejelly.co.uk/licensees-guide/christmas-pub-event-ideas,200,https://www.orangejelly.co.uk/licensees-guide/christmas-pub-event-ideas,no,none,https://www.orangejelly.co.uk/licensees-guide/christmas-pub-event-ideas,self,"index, follow, max-video-preview:-1, max-image-preview:large, max-snippet:-1",,yes,"Answer, BlogPosting, BreadcrumbList, ContactPoint, FAQPage, GeoCoordinates, ImageObject, ItemList, ListItem, Organization, Person, PostalAddress, ProfessionalService, Question, SpeakableSpecification, Thing, WebPage, WebSite",text/html; charset=utf-8,0,2026-07-07T06:12:25.467642+00:00
https://www.orangejelly.co.uk/licensees-guide/rescue-your-margins-drinks-mix,200,https://www.orangejelly.co.uk/licensees-guide/rescue-your-margins-drinks-mix,no,none,https://www.orangejelly.co.uk/licensees-guide/rescue-your-margins-drinks-mix,self,"index, follow, max-video-preview:-1, max-image-preview:large, max-snippet:-1",,yes,"Answer, BlogPosting, BreadcrumbList, ContactPoint, FAQPage, GeoCoordinates, ImageObject, ListItem, Organization, Person, PostalAddress, ProfessionalService, Question, SpeakableSpecification, Thing, WebPage, WebSite",text/html; charset=utf-8,0,2026-07-07T06:12:25.467642+00:00
https://www.orangejelly.co.uk/empty-pub-solutions,200,https://www.orangejelly.co.uk/empty-pub-solutions,no,none,https://www.orangejelly.co.uk/empty-pub-solutions,self,"index, follow",,yes,"Answer, BreadcrumbList, ContactPoint, FAQPage, GeoCoordinates, ImageObject, ListItem, Person, PostalAddress, ProfessionalService, Question, WebSite",text/html; charset=utf-8,0,2026-07-07T06:12:25.467642+00:00
https://www.orangejelly.co.uk/licensees-guide/buying-a-pub-complete-guide,200,https://www.orangejelly.co.uk/licensees-guide/buying-a-pub-complete-guide,no,none,https://www.orangejelly.co.uk/licensees-guide/buying-a-pub-complete-guide,self,"index, follow, max-video-preview:-1, max-image-preview:large, max-snippet:-1",,yes,"Answer, BlogPosting, BreadcrumbList, ContactPoint, FAQPage, GeoCoordinates, ImageObject, ListItem, Organization, Person, PostalAddress, ProfessionalService, Question, SpeakableSpecification, Thing, WebPage, WebSite",text/html; charset=utf-8,0,2026-07-07T06:12:25.467642+00:00
https://www.orangejelly.co.uk/licensees-guide/sober-october-low-no-alcohol-pubs,200,https://www.orangejelly.co.uk/licensees-guide/sober-october-low-no-alcohol-pubs,no,none,https://www.orangejelly.co.uk/licensees-guide/sober-october-low-no-alcohol-pubs,self,"index, follow, max-video-preview:-1, max-image-preview:large, max-snippet:-1",,yes,"Answer, BlogPosting, BreadcrumbList, ContactPoint, FAQPage, GeoCoordinates, ImageObject, ListItem, Organization, Person, PostalAddress, ProfessionalService, Question, SpeakableSpecification, Thing, WebPage, WebSite",text/html; charset=utf-8,0,2026-07-07T06:12:25.467642+00:00
https://www.orangejelly.co.uk/licensees-guide/fill-empty-pub-tables,200,https://www.orangejelly.co.uk/licensees-guide/fill-empty-pub-tables,no,none,https://www.orangejelly.co.uk/licensees-guide/fill-empty-pub-tables,self,"index, follow, max-video-preview:-1, max-image-preview:large, max-snippet:-1",,yes,"Answer, BlogPosting, BreadcrumbList, ContactPoint, FAQPage, GeoCoordinates, ImageObject, ListItem, Organization, Person, PostalAddress, ProfessionalService, Question, SpeakableSpecification, Thing, WebPage, WebSite",text/html; charset=utf-8,0,2026-07-07T06:12:25.467642+00:00
https://www.orangejelly.co.uk/licensees-guide/energy-bill-shock-cut-venue-costs,200,https://www.orangejelly.co.uk/licensees-guide/energy-bill-shock-cut-venue-costs,no,none,https://www.orangejelly.co.uk/licensees-guide/energy-bill-shock-cut-venue-costs,self,"index, follow, max-video-preview:-1, max-image-preview:large, max-snippet:-1",,yes,"Answer, BlogPosting, BreadcrumbList, ContactPoint, FAQPage, GeoCoordinates, ImageObject, ListItem, Organization, Person, PostalAddress, ProfessionalService, Question, SpeakableSpecification, Thing, WebPage, WebSite",text/html; charset=utf-8,0,2026-07-07T06:12:25.467642+00:00
https://www.orangejelly.co.uk/licensees-guide/midweek-pub-offers-that-work,200,https://www.orangejelly.co.uk/licensees-guide/midweek-pub-offers-that-work,no,none,https://www.orangejelly.co.uk/licensees-guide/midweek-pub-offers-that-work,self,"index, follow, max-video-preview:-1, max-image-preview:large, max-snippet:-1",,yes,"Answer, BlogPosting, BreadcrumbList, ContactPoint, FAQPage, GeoCoordinates, ImageObject, ListItem, Organization, Person, PostalAddress, ProfessionalService, Question, SpeakableSpecification, Thing, WebPage, WebSite",text/html; charset=utf-8,0,2026-07-07T06:12:25.467642+00:00
https://www.orangejelly.co.uk/ways-to-work/growth-partner,200,https://www.orangejelly.co.uk/ways-to-work/growth-partner,no,none,https://www.orangejelly.co.uk/ways-to-work/growth-partner,self,"index, follow, max-video-preview:-1, max-image-preview:large, max-snippet:-1",,yes,"BreadcrumbList, ContactPoint, GeoCoordinates, ImageObject, ListItem, Offer, Organization, Person, PostalAddress, ProfessionalService, Service, UnitPriceSpecification, WebSite",text/html; charset=utf-8,0,2026-07-07T06:12:25.467642+00:00
https://www.orangejelly.co.uk/licensees-guide/how-to-attract-families-to-your-pub,200,https://www.orangejelly.co.uk/licensees-guide/how-to-attract-families-to-your-pub,no,none,https://www.orangejelly.co.uk/licensees-guide/how-to-attract-families-to-your-pub,self,"index, follow, max-video-preview:-1, max-image-preview:large, max-snippet:-1",,yes,"Answer, BlogPosting, BreadcrumbList, ContactPoint, FAQPage, GeoCoordinates, ImageObject, ListItem, Organization, Person, PostalAddress, ProfessionalService, Question, SpeakableSpecification, WebPage, WebSite",text/html; charset=utf-8,0,2026-07-07T06:12:25.467642+00:00
https://www.orangejelly.co.uk/licensees-guide/quiz-night-101,200,https://www.orangejelly.co.uk/licensees-guide/quiz-night-101,no,none,https://www.orangejelly.co.uk/licensees-guide/quiz-night-101,self,"index, follow, max-video-preview:-1, max-image-preview:large, max-snippet:-1",,yes,"Answer, BlogPosting, BreadcrumbList, ContactPoint, FAQPage, GeoCoordinates, ImageObject, ListItem, Organization, Person, PostalAddress, ProfessionalService, Question, SpeakableSpecification, Thing, WebPage, WebSite",text/html; charset=utf-8,0,2026-07-07T06:12:25.467642+00:00
https://www.orangejelly.co.uk/licensees-guide/food-hygiene-rating-five-star-guide,200,https://www.orangejelly.co.uk/licensees-guide/food-hygiene-rating-five-star-guide,no,none,https://www.orangejelly.co.uk/licensees-guide/food-hygiene-rating-five-star-guide,self,"index, follow, max-video-preview:-1, max-image-preview:large, max-snippet:-1",,yes,"Answer, BlogPosting, BreadcrumbList, ContactPoint, FAQPage, GeoCoordinates, ImageObject, ListItem, Organization, Person, PostalAddress, ProfessionalService, Question, SpeakableSpecification, Thing, WebPage, WebSite",text/html; charset=utf-8,0,2026-07-07T06:12:25.467642+00:00
https://www.orangejelly.co.uk/licensees-guide/pub-health-safety-checklist,200,https://www.orangejelly.co.uk/licensees-guide/pub-health-safety-checklist,no,none,https://www.orangejelly.co.uk/licensees-guide/pub-health-safety-checklist,self,"index, follow, max-video-preview:-1, max-image-preview:large, max-snippet:-1",,yes,"Answer, BlogPosting, BreadcrumbList, ContactPoint, FAQPage, GeoCoordinates, ImageObject, ListItem, Organization, Person, PostalAddress, ProfessionalService, Question, SpeakableSpecification, Thing, WebPage, WebSite",text/html; charset=utf-8,0,2026-07-07T06:12:25.467642+00:00
https://www.orangejelly.co.uk/licensees-guide/turn-heating-costs-into-winter-wins,200,https://www.orangejelly.co.uk/licensees-guide/turn-heating-costs-into-winter-wins,no,none,https://www.orangejelly.co.uk/licensees-guide/turn-heating-costs-into-winter-wins,self,"index, follow, max-video-preview:-1, max-image-preview:large, max-snippet:-1",,yes,"Answer, BlogPosting, BreadcrumbList, ContactPoint, FAQPage, GeoCoordinates, ImageObject, ListItem, Organization, Person, PostalAddress, ProfessionalService, Question, SpeakableSpecification, WebPage, WebSite",text/html; charset=utf-8,0,2026-07-07T06:12:25.467642+00:00
https://www.orangejelly.co.uk/licensees-guide/category/people,200,https://www.orangejelly.co.uk/licensees-guide/category/people,no,none,https://www.orangejelly.co.uk/licensees-guide/category/people,self,"index, follow",,yes,"BlogPosting, BreadcrumbList, CollectionPage, ContactPoint, GeoCoordinates, ImageObject, ItemList, ListItem, Organization, Person, PostalAddress, ProfessionalService, WebSite",text/html; charset=utf-8,0,2026-07-07T06:12:25.467642+00:00
https://www.orangejelly.co.uk/licensees-guide/terrible-online-reviews-damage-control,200,https://www.orangejelly.co.uk/licensees-guide/terrible-online-reviews-damage-control,no,none,https://www.orangejelly.co.uk/licensees-guide/terrible-online-reviews-damage-control,self,"index, follow, max-video-preview:-1, max-image-preview:large, max-snippet:-1",,yes,"Answer, BlogPosting, BreadcrumbList, ContactPoint, FAQPage, GeoCoordinates, ImageObject, ListItem, Organization, Person, PostalAddress, ProfessionalService, Question, SpeakableSpecification, Thing, WebPage, WebSite",text/html; charset=utf-8,0,2026-07-07T06:12:25.467642+00:00
https://www.orangejelly.co.uk/licensees-guide/delivery-click-collect-without-harm,200,https://www.orangejelly.co.uk/licensees-guide/delivery-click-collect-without-harm,no,none,https://www.orangejelly.co.uk/licensees-guide/delivery-click-collect-without-harm,self,"index, follow, max-video-preview:-1, max-image-preview:large, max-snippet:-1",,yes,"Answer, BlogPosting, BreadcrumbList, ContactPoint, FAQPage, GeoCoordinates, ImageObject, ListItem, Organization, Person, PostalAddress, ProfessionalService, Question, SpeakableSpecification, Thing, WebPage, WebSite",text/html; charset=utf-8,0,2026-07-07T06:12:25.467642+00:00
https://www.orangejelly.co.uk/licensees-guide/revenue-levers-struggling-pubs,200,https://www.orangejelly.co.uk/licensees-guide/revenue-levers-struggling-pubs,no,none,https://www.orangejelly.co.uk/licensees-guide/revenue-levers-struggling-pubs,self,"index, follow, max-video-preview:-1, max-image-preview:large, max-snippet:-1",,yes,"Answer, BlogPosting, BreadcrumbList, ContactPoint, FAQPage, GeoCoordinates, ImageObject, ListItem, Organization, Person, PostalAddress, ProfessionalService, Question, SpeakableSpecification, Thing, WebPage, WebSite",text/html; charset=utf-8,0,2026-07-07T06:12:25.467642+00:00
https://www.orangejelly.co.uk/licensees-guide/cash-bingo-101,200,https://www.orangejelly.co.uk/licensees-guide/cash-bingo-101,no,none,https://www.orangejelly.co.uk/licensees-guide/cash-bingo-101,self,"index, follow, max-video-preview:-1, max-image-preview:large, max-snippet:-1",,yes,"Answer, BlogPosting, BreadcrumbList, ContactPoint, FAQPage, GeoCoordinates, ImageObject, ListItem, Organization, Person, PostalAddress, ProfessionalService, Question, SpeakableSpecification, Thing, WebPage, WebSite",text/html; charset=utf-8,0,2026-07-07T06:12:25.467642+00:00
https://www.orangejelly.co.uk/licensees-guide/community-outreach-reintroduce-pub,200,https://www.orangejelly.co.uk/licensees-guide/community-outreach-reintroduce-pub,no,none,https://www.orangejelly.co.uk/licensees-guide/community-outreach-reintroduce-pub,self,"index, follow, max-video-preview:-1, max-image-preview:large, max-snippet:-1",,yes,"Answer, BlogPosting, BreadcrumbList, ContactPoint, FAQPage, GeoCoordinates, ImageObject, ListItem, Organization, Person, PostalAddress, ProfessionalService, Question, SpeakableSpecification, Thing, WebPage, WebSite",text/html; charset=utf-8,0,2026-07-07T06:12:25.467642+00:00
https://www.orangejelly.co.uk/licensees-guide/wine-tasting-evenings-for-pubs,200,https://www.orangejelly.co.uk/licensees-guide/wine-tasting-evenings-for-pubs,no,none,https://www.orangejelly.co.uk/licensees-guide/wine-tasting-evenings-for-pubs,self,"index, follow, max-video-preview:-1, max-image-preview:large, max-snippet:-1",,yes,"Answer, BlogPosting, BreadcrumbList, ContactPoint, FAQPage, GeoCoordinates, ImageObject, ListItem, Organization, Person, PostalAddress, ProfessionalService, Question, SpeakableSpecification, Thing, WebPage, WebSite",text/html; charset=utf-8,0,2026-07-07T06:12:25.467642+00:00
https://www.orangejelly.co.uk/licensees-guide/category/marketing,200,https://www.orangejelly.co.uk/licensees-guide/category/marketing,no,none,https://www.orangejelly.co.uk/licensees-guide/category/marketing,self,"index, follow",,yes,"BlogPosting, BreadcrumbList, CollectionPage, ContactPoint, GeoCoordinates, ImageObject, ItemList, ListItem, Organization, Person, PostalAddress, ProfessionalService, WebSite",text/html; charset=utf-8,0,2026-07-07T06:12:25.467642+00:00
https://www.orangejelly.co.uk/licensees-guide/pub-chalkboard-a-board-ideas,200,https://www.orangejelly.co.uk/licensees-guide/pub-chalkboard-a-board-ideas,no,none,https://www.orangejelly.co.uk/licensees-guide/pub-chalkboard-a-board-ideas,self,"index, follow, max-video-preview:-1, max-image-preview:large, max-snippet:-1",,yes,"Answer, BlogPosting, BreadcrumbList, ContactPoint, FAQPage, GeoCoordinates, ImageObject, ListItem, Organization, Person, PostalAddress, ProfessionalService, Question, SpeakableSpecification, Thing, WebPage, WebSite",text/html; charset=utf-8,0,2026-07-07T06:12:25.467642+00:00
https://www.orangejelly.co.uk/licensees-guide/content-marketing-ideas-pubs,200,https://www.orangejelly.co.uk/licensees-guide/content-marketing-ideas-pubs,no,none,https://www.orangejelly.co.uk/licensees-guide/content-marketing-ideas-pubs,self,"index, follow, max-video-preview:-1, max-image-preview:large, max-snippet:-1",,yes,"Answer, BlogPosting, BreadcrumbList, ContactPoint, FAQPage, GeoCoordinates, ImageObject, ListItem, Organization, Person, PostalAddress, ProfessionalService, Question, SpeakableSpecification, Thing, WebPage, WebSite",text/html; charset=utf-8,0,2026-07-07T06:12:25.467642+00:00
https://www.orangejelly.co.uk/pub-marketing-surrey,200,https://www.orangejelly.co.uk/pub-marketing-surrey,no,none,https://www.orangejelly.co.uk/pub-marketing-surrey,self,"index, follow",,yes,"AdministrativeArea, Answer, BreadcrumbList, ContactPoint, FAQPage, GeoCoordinates, ImageObject, ListItem, Person, PostalAddress, ProfessionalService, Question, WebSite",text/html; charset=utf-8,0,2026-07-07T06:12:25.467642+00:00
https://www.orangejelly.co.uk/licensees-guide/cask-ale-week-pub-guide,200,https://www.orangejelly.co.uk/licensees-guide/cask-ale-week-pub-guide,no,none,https://www.orangejelly.co.uk/licensees-guide/cask-ale-week-pub-guide,self,"index, follow, max-video-preview:-1, max-image-preview:large, max-snippet:-1",,yes,"Answer, BlogPosting, BreadcrumbList, ContactPoint, FAQPage, GeoCoordinates, ImageObject, ListItem, Organization, Person, PostalAddress, ProfessionalService, Question, SpeakableSpecification, Thing, WebPage, WebSite",text/html; charset=utf-8,0,2026-07-07T06:12:25.467642+00:00
https://www.orangejelly.co.uk/licensees-guide/google-business-profile-pub-guide,200,https://www.orangejelly.co.uk/licensees-guide/google-business-profile-pub-guide,no,none,https://www.orangejelly.co.uk/licensees-guide/google-business-profile-pub-guide,self,"index, follow, max-video-preview:-1, max-image-preview:large, max-snippet:-1",,yes,"Answer, BlogPosting, BreadcrumbList, ContactPoint, FAQPage, GeoCoordinates, ImageObject, ListItem, Organization, Person, PostalAddress, ProfessionalService, Question, SpeakableSpecification, Thing, WebPage, WebSite",text/html; charset=utf-8,0,2026-07-07T06:12:25.467642+00:00
https://www.orangejelly.co.uk/licensees-guide/epos-data-revenue-comeback,200,https://www.orangejelly.co.uk/licensees-guide/epos-data-revenue-comeback,no,none,https://www.orangejelly.co.uk/licensees-guide/epos-data-revenue-comeback,self,"index, follow, max-video-preview:-1, max-image-preview:large, max-snippet:-1",,yes,"Answer, BlogPosting, BreadcrumbList, ContactPoint, FAQPage, GeoCoordinates, ImageObject, ListItem, Organization, Person, PostalAddress, ProfessionalService, Question, SpeakableSpecification, Thing, WebPage, WebSite",text/html; charset=utf-8,0,2026-07-07T06:12:25.467642+00:00
https://www.orangejelly.co.uk/licensees-guide/pub-vat-accounting-guide,200,https://www.orangejelly.co.uk/licensees-guide/pub-vat-accounting-guide,no,none,https://www.orangejelly.co.uk/licensees-guide/pub-vat-accounting-guide,self,"index, follow, max-video-preview:-1, max-image-preview:large, max-snippet:-1",,yes,"Answer, BlogPosting, BreadcrumbList, ContactPoint, FAQPage, GeoCoordinates, ImageObject, ListItem, Organization, Person, PostalAddress, ProfessionalService, Question, SpeakableSpecification, Thing, WebPage, WebSite",text/html; charset=utf-8,0,2026-07-07T06:12:25.467642+00:00
https://www.orangejelly.co.uk/licensees-guide/cellar-management-beer-quality-guide,200,https://www.orangejelly.co.uk/licensees-guide/cellar-management-beer-quality-guide,no,none,https://www.orangejelly.co.uk/licensees-guide/cellar-management-beer-quality-guide,self,"index, follow, max-video-preview:-1, max-image-preview:large, max-snippet:-1",,yes,"Answer, BlogPosting, BreadcrumbList, ContactPoint, FAQPage, GeoCoordinates, ImageObject, ListItem, Organization, Person, PostalAddress, ProfessionalService, Question, SpeakableSpecification, Thing, WebPage, WebSite",text/html; charset=utf-8,0,2026-07-07T06:12:25.467642+00:00
https://www.orangejelly.co.uk/licensees-guide/pub-christmas-bookings-fill-december,200,https://www.orangejelly.co.uk/licensees-guide/pub-christmas-bookings-fill-december,no,none,https://www.orangejelly.co.uk/licensees-guide/pub-christmas-bookings-fill-december,self,"index, follow, max-video-preview:-1, max-image-preview:large, max-snippet:-1",,yes,"Answer, BlogPosting, BreadcrumbList, ContactPoint, FAQPage, GeoCoordinates, ImageObject, ListItem, Organization, Person, PostalAddress, ProfessionalService, Question, SpeakableSpecification, Thing, WebPage, WebSite",text/html; charset=utf-8,0,2026-07-07T06:12:25.467642+00:00
https://www.orangejelly.co.uk/capabilities,200,https://www.orangejelly.co.uk/capabilities,no,none,https://www.orangejelly.co.uk/capabilities,self,"index, follow",,yes,"BreadcrumbList, ContactPoint, GeoCoordinates, ImageObject, ListItem, Person, PostalAddress, ProfessionalService, WebSite",text/html; charset=utf-8,0,2026-07-07T06:12:25.467642+00:00
https://www.orangejelly.co.uk/licensees-guide/prs-ppl-music-licensing-pubs,200,https://www.orangejelly.co.uk/licensees-guide/prs-ppl-music-licensing-pubs,no,none,https://www.orangejelly.co.uk/licensees-guide/prs-ppl-music-licensing-pubs,self,"index, follow, max-video-preview:-1, max-image-preview:large, max-snippet:-1",,yes,"Answer, BlogPosting, BreadcrumbList, ContactPoint, FAQPage, GeoCoordinates, ImageObject, ListItem, Organization, Person, PostalAddress, ProfessionalService, Question, SpeakableSpecification, Thing, WebPage, WebSite",text/html; charset=utf-8,0,2026-07-07T06:12:25.467642+00:00
https://www.orangejelly.co.uk/licensees-guide/pub-insurance-cover-guide,200,https://www.orangejelly.co.uk/licensees-guide/pub-insurance-cover-guide,no,none,https://www.orangejelly.co.uk/licensees-guide/pub-insurance-cover-guide,self,"index, follow, max-video-preview:-1, max-image-preview:large, max-snippet:-1",,yes,"Answer, BlogPosting, BreadcrumbList, ContactPoint, FAQPage, GeoCoordinates, ImageObject, ListItem, Organization, Person, PostalAddress, ProfessionalService, Question, SpeakableSpecification, Thing, WebPage, WebSite",text/html; charset=utf-8,0,2026-07-07T06:12:25.467642+00:00
https://www.orangejelly.co.uk/licensees-guide,200,https://www.orangejelly.co.uk/licensees-guide,no,none,https://www.orangejelly.co.uk/licensees-guide,self,"index, follow",,yes,"BlogPosting, BreadcrumbList, CollectionPage, ContactPoint, GeoCoordinates, ImageObject, ItemList, ListItem, Organization, Person, PostalAddress, ProfessionalService, WebSite",text/html; charset=utf-8,0,2026-07-07T06:12:25.467642+00:00
https://www.orangejelly.co.uk/licensees-guide/rent-supplier-negotiations-cash-tight,200,https://www.orangejelly.co.uk/licensees-guide/rent-supplier-negotiations-cash-tight,no,none,https://www.orangejelly.co.uk/licensees-guide/rent-supplier-negotiations-cash-tight,self,"index, follow, max-video-preview:-1, max-image-preview:large, max-snippet:-1",,yes,"Answer, BlogPosting, BreadcrumbList, ContactPoint, FAQPage, GeoCoordinates, ImageObject, ListItem, Organization, Person, PostalAddress, ProfessionalService, Question, SpeakableSpecification, Thing, WebPage, WebSite",text/html; charset=utf-8,0,2026-07-07T06:12:25.467642+00:00
https://www.orangejelly.co.uk/licensees-guide/summer-pub-event-ideas,200,https://www.orangejelly.co.uk/licensees-guide/summer-pub-event-ideas,no,none,https://www.orangejelly.co.uk/licensees-guide/summer-pub-event-ideas,self,"index, follow, max-video-preview:-1, max-image-preview:large, max-snippet:-1",,yes,"Answer, BlogPosting, BreadcrumbList, ContactPoint, FAQPage, GeoCoordinates, ImageObject, ListItem, Organization, Person, PostalAddress, ProfessionalService, Question, SpeakableSpecification, Thing, WebPage, WebSite",text/html; charset=utf-8,0,2026-07-07T06:12:25.467642+00:00
https://www.orangejelly.co.uk/pub-marketing-hertfordshire,200,https://www.orangejelly.co.uk/pub-marketing-hertfordshire,no,none,https://www.orangejelly.co.uk/pub-marketing-hertfordshire,self,"index, follow",,yes,"AdministrativeArea, Answer, BreadcrumbList, ContactPoint, FAQPage, GeoCoordinates, ImageObject, ListItem, Person, PostalAddress, ProfessionalService, Question, WebSite",text/html; charset=utf-8,0,2026-07-07T06:12:25.467642+00:00
https://www.orangejelly.co.uk/licensees-guide/summer-pub-marketing,200,https://www.orangejelly.co.uk/licensees-guide/summer-pub-marketing,no,none,https://www.orangejelly.co.uk/licensees-guide/summer-pub-marketing,self,"index, follow, max-video-preview:-1, max-image-preview:large, max-snippet:-1",,yes,"Answer, BlogPosting, BreadcrumbList, ContactPoint, FAQPage, GeoCoordinates, ImageObject, ItemList, ListItem, Organization, Person, PostalAddress, ProfessionalService, Question, SpeakableSpecification, Thing, WebPage, WebSite",text/html; charset=utf-8,0,2026-07-07T06:12:25.467642+00:00
https://www.orangejelly.co.uk/licensees-guide/upselling-secrets-training-scripts,200,https://www.orangejelly.co.uk/licensees-guide/upselling-secrets-training-scripts,no,none,https://www.orangejelly.co.uk/licensees-guide/upselling-secrets-training-scripts,self,"index, follow, max-video-preview:-1, max-image-preview:large, max-snippet:-1",,yes,"Answer, BlogPosting, BreadcrumbList, ContactPoint, FAQPage, GeoCoordinates, ImageObject, ListItem, Organization, Person, PostalAddress, ProfessionalService, Question, SpeakableSpecification, Thing, WebPage, WebSite",text/html; charset=utf-8,0,2026-07-07T06:12:25.467642+00:00
https://www.orangejelly.co.uk/licensees-guide/karaoke-night-101,200,https://www.orangejelly.co.uk/licensees-guide/karaoke-night-101,no,none,https://www.orangejelly.co.uk/licensees-guide/karaoke-night-101,self,"index, follow, max-video-preview:-1, max-image-preview:large, max-snippet:-1",,yes,"Answer, BlogPosting, BreadcrumbList, ContactPoint, FAQPage, GeoCoordinates, ImageObject, ListItem, Organization, Person, PostalAddress, ProfessionalService, Question, SpeakableSpecification, Thing, WebPage, WebSite",text/html; charset=utf-8,0,2026-07-07T06:12:25.467642+00:00
https://www.orangejelly.co.uk/licensees-guide/survive-off-season-revenue-packages,200,https://www.orangejelly.co.uk/licensees-guide/survive-off-season-revenue-packages,no,none,https://www.orangejelly.co.uk/licensees-guide/survive-off-season-revenue-packages,self,"index, follow, max-video-preview:-1, max-image-preview:large, max-snippet:-1",,yes,"Answer, BlogPosting, BreadcrumbList, ContactPoint, FAQPage, GeoCoordinates, ImageObject, ListItem, Organization, Person, PostalAddress, ProfessionalService, Question, SpeakableSpecification, Thing, WebPage, WebSite",text/html; charset=utf-8,0,2026-07-07T06:12:25.467642+00:00
https://www.orangejelly.co.uk/licensees-guide/category/food-drink,200,https://www.orangejelly.co.uk/licensees-guide/category/food-drink,no,none,https://www.orangejelly.co.uk/licensees-guide/category/food-drink,self,"index, follow",,yes,"BlogPosting, BreadcrumbList, CollectionPage, ContactPoint, GeoCoordinates, ImageObject, ItemList, ListItem, Organization, Person, PostalAddress, ProfessionalService, WebSite",text/html; charset=utf-8,0,2026-07-07T06:12:25.467642+00:00
https://www.orangejelly.co.uk/licensees-guide/profitable-pub-food-menu-ideas,200,https://www.orangejelly.co.uk/licensees-guide/profitable-pub-food-menu-ideas,no,none,https://www.orangejelly.co.uk/licensees-guide/profitable-pub-food-menu-ideas,self,"index, follow, max-video-preview:-1, max-image-preview:large, max-snippet:-1",,yes,"Answer, BlogPosting, BreadcrumbList, ContactPoint, FAQPage, GeoCoordinates, ImageObject, ListItem, Organization, Person, PostalAddress, ProfessionalService, Question, SpeakableSpecification, Thing, WebPage, WebSite",text/html; charset=utf-8,0,2026-07-07T06:12:25.467642+00:00
https://www.orangejelly.co.uk/pub-marketing-oxfordshire,200,https://www.orangejelly.co.uk/pub-marketing-oxfordshire,no,none,https://www.orangejelly.co.uk/pub-marketing-oxfordshire,self,"index, follow",,yes,"AdministrativeArea, Answer, BreadcrumbList, ContactPoint, FAQPage, GeoCoordinates, ImageObject, ListItem, Person, PostalAddress, ProfessionalService, Question, WebSite",text/html; charset=utf-8,0,2026-07-07T06:12:25.467642+00:00
https://www.orangejelly.co.uk/licensees-guide/live-music-events-for-pubs,200,https://www.orangejelly.co.uk/licensees-guide/live-music-events-for-pubs,no,none,https://www.orangejelly.co.uk/licensees-guide/live-music-events-for-pubs,self,"index, follow, max-video-preview:-1, max-image-preview:large, max-snippet:-1",,yes,"Answer, BlogPosting, BreadcrumbList, ContactPoint, FAQPage, GeoCoordinates, ImageObject, ListItem, Organization, Person, PostalAddress, ProfessionalService, Question, SpeakableSpecification, Thing, WebPage, WebSite",text/html; charset=utf-8,0,2026-07-07T06:12:25.467642+00:00
https://www.orangejelly.co.uk/licensees-guide/pub-event-ideas,200,https://www.orangejelly.co.uk/licensees-guide/pub-event-ideas,no,none,https://www.orangejelly.co.uk/licensees-guide/pub-event-ideas,self,"index, follow, max-video-preview:-1, max-image-preview:large, max-snippet:-1",,yes,"Answer, BlogPosting, BreadcrumbList, ContactPoint, FAQPage, GeoCoordinates, ImageObject, ListItem, Organization, Person, PostalAddress, ProfessionalService, Question, SpeakableSpecification, Thing, WebPage, WebSite",text/html; charset=utf-8,0,2026-07-07T06:12:25.467642+00:00
https://www.orangejelly.co.uk/contact,200,https://www.orangejelly.co.uk/contact,no,none,https://www.orangejelly.co.uk/contact,self,"index, follow",,yes,"Answer, BreadcrumbList, ContactPage, ContactPoint, Country, FAQPage, GeoCoordinates, ImageObject, ListItem, LocalBusiness, OpeningHoursSpecification, Person, PostalAddress, ProfessionalService, Question, WebSite",text/html; charset=utf-8,0,2026-07-07T06:12:25.467642+00:00
https://www.orangejelly.co.uk/licensees-guide/pub-toilet-refurbishment-budget-guide,200,https://www.orangejelly.co.uk/licensees-guide/pub-toilet-refurbishment-budget-guide,no,none,https://www.orangejelly.co.uk/licensees-guide/pub-toilet-refurbishment-budget-guide,self,"index, follow, max-video-preview:-1, max-image-preview:large, max-snippet:-1",,yes,"Answer, BlogPosting, BreadcrumbList, ContactPoint, FAQPage, GeoCoordinates, ImageObject, ListItem, Organization, Person, PostalAddress, ProfessionalService, Question, SpeakableSpecification, Thing, WebPage, WebSite",text/html; charset=utf-8,0,2026-07-07T06:12:25.467642+00:00
https://www.orangejelly.co.uk/licensees-guide/category/turnaround,200,https://www.orangejelly.co.uk/licensees-guide/category/turnaround,no,none,https://www.orangejelly.co.uk/licensees-guide/category/turnaround,self,"index, follow",,yes,"BlogPosting, BreadcrumbList, CollectionPage, ContactPoint, GeoCoordinates, ImageObject, ItemList, ListItem, Organization, Person, PostalAddress, ProfessionalService, WebSite",text/html; charset=utf-8,0,2026-07-07T06:12:25.467642+00:00
https://www.orangejelly.co.uk/licensees-guide/social-media-tactics-footfall-seven-days,200,https://www.orangejelly.co.uk/licensees-guide/social-media-tactics-footfall-seven-days,no,none,https://www.orangejelly.co.uk/licensees-guide/social-media-tactics-footfall-seven-days,self,"index, follow, max-video-preview:-1, max-image-preview:large, max-snippet:-1",,yes,"Answer, BlogPosting, BreadcrumbList, ContactPoint, FAQPage, GeoCoordinates, ImageObject, ListItem, Organization, Person, PostalAddress, ProfessionalService, Question, SpeakableSpecification, Thing, WebPage, WebSite",text/html; charset=utf-8,0,2026-07-07T06:12:25.467642+00:00
https://www.orangejelly.co.uk/licensees-guide/pub-halloween-bonfire-night-events,200,https://www.orangejelly.co.uk/licensees-guide/pub-halloween-bonfire-night-events,no,none,https://www.orangejelly.co.uk/licensees-guide/pub-halloween-bonfire-night-events,self,"index, follow, max-video-preview:-1, max-image-preview:large, max-snippet:-1",,yes,"Answer, BlogPosting, BreadcrumbList, ContactPoint, FAQPage, GeoCoordinates, ImageObject, ListItem, Organization, Person, PostalAddress, ProfessionalService, Question, SpeakableSpecification, Thing, WebPage, WebSite",text/html; charset=utf-8,0,2026-07-07T06:12:25.467642+00:00
https://www.orangejelly.co.uk/licensees-guide/restart-quiz-music-sport-roi,200,https://www.orangejelly.co.uk/licensees-guide/restart-quiz-music-sport-roi,no,none,https://www.orangejelly.co.uk/licensees-guide/restart-quiz-music-sport-roi,self,"index, follow, max-video-preview:-1, max-image-preview:large, max-snippet:-1",,yes,"Answer, BlogPosting, BreadcrumbList, ContactPoint, FAQPage, GeoCoordinates, ImageObject, ListItem, Organization, Person, PostalAddress, ProfessionalService, Question, SpeakableSpecification, Thing, WebPage, WebSite",text/html; charset=utf-8,0,2026-07-07T06:12:25.467642+00:00
https://www.orangejelly.co.uk/licensees-guide/recession-proof-pub-strategies,200,https://www.orangejelly.co.uk/licensees-guide/recession-proof-pub-strategies,no,none,https://www.orangejelly.co.uk/licensees-guide/recession-proof-pub-strategies,self,"index, follow, max-video-preview:-1, max-image-preview:large, max-snippet:-1",,yes,"Answer, BlogPosting, BreadcrumbList, ContactPoint, FAQPage, GeoCoordinates, ImageObject, ListItem, Organization, Person, PostalAddress, ProfessionalService, Question, SpeakableSpecification, Thing, WebPage, WebSite",text/html; charset=utf-8,0,2026-07-07T06:12:25.467642+00:00
https://www.orangejelly.co.uk/about,200,https://www.orangejelly.co.uk/about,no,none,https://www.orangejelly.co.uk/about,self,"index, follow",,yes,"AboutPage, Answer, BreadcrumbList, ContactPoint, Country, EducationalOrganization, FAQPage, GeoCoordinates, ImageObject, ListItem, Organization, Person, PostalAddress, ProfessionalService, Question, Restaurant, WebSite",text/html; charset=utf-8,0,2026-07-07T06:12:25.467642+00:00
https://www.orangejelly.co.uk/licensees-guide/pub-health-check-essential-fundamentals-licensee-success,200,https://www.orangejelly.co.uk/licensees-guide/pub-health-check-essential-fundamentals-licensee-success,no,none,https://www.orangejelly.co.uk/licensees-guide/pub-health-check-essential-fundamentals-licensee-success,self,"index, follow, max-video-preview:-1, max-image-preview:large, max-snippet:-1",,yes,"Answer, BlogPosting, BreadcrumbList, ContactPoint, FAQPage, GeoCoordinates, ImageObject, ListItem, Organization, Person, PostalAddress, ProfessionalService, Question, SpeakableSpecification, Thing, WebPage, WebSite",text/html; charset=utf-8,0,2026-07-07T06:12:25.467642+00:00
https://www.orangejelly.co.uk/licensees-guide/category/events,200,https://www.orangejelly.co.uk/licensees-guide/category/events,no,none,https://www.orangejelly.co.uk/licensees-guide/category/events,self,"index, follow",,yes,"BlogPosting, BreadcrumbList, CollectionPage, ContactPoint, GeoCoordinates, ImageObject, ItemList, ListItem, Organization, Person, PostalAddress, ProfessionalService, WebSite",text/html; charset=utf-8,0,2026-07-07T06:12:25.467642+00:00
https://www.orangejelly.co.uk/pub-marketing-kent,200,https://www.orangejelly.co.uk/pub-marketing-kent,no,none,https://www.orangejelly.co.uk/pub-marketing-kent,self,"index, follow",,yes,"AdministrativeArea, Answer, BreadcrumbList, ContactPoint, FAQPage, GeoCoordinates, ImageObject, ListItem, Person, PostalAddress, ProfessionalService, Question, WebSite",text/html; charset=utf-8,0,2026-07-07T06:12:25.467642+00:00
https://www.orangejelly.co.uk/compete-with-pub-chains,200,https://www.orangejelly.co.uk/compete-with-pub-chains,no,none,https://www.orangejelly.co.uk/compete-with-pub-chains,self,"index, follow",,yes,"Answer, BreadcrumbList, ContactPoint, FAQPage, GeoCoordinates, ImageObject, ListItem, Person, PostalAddress, ProfessionalService, Question, WebSite",text/html; charset=utf-8,0,2026-07-07T06:12:25.467642+00:00
https://www.orangejelly.co.uk/licensees-guide/seasonal-pub-events-calendar,200,https://www.orangejelly.co.uk/licensees-guide/seasonal-pub-events-calendar,no,none,https://www.orangejelly.co.uk/licensees-guide/seasonal-pub-events-calendar,self,"index, follow, max-video-preview:-1, max-image-preview:large, max-snippet:-1",,yes,"Answer, BlogPosting, BreadcrumbList, ContactPoint, FAQPage, GeoCoordinates, ImageObject, ListItem, Organization, Person, PostalAddress, ProfessionalService, Question, SpeakableSpecification, Thing, WebPage, WebSite",text/html; charset=utf-8,0,2026-07-07T06:12:25.467642+00:00
https://www.orangejelly.co.uk/licensees-guide/pop-up-events-for-pubs,200,https://www.orangejelly.co.uk/licensees-guide/pop-up-events-for-pubs,no,none,https://www.orangejelly.co.uk/licensees-guide/pop-up-events-for-pubs,self,"index, follow, max-video-preview:-1, max-image-preview:large, max-snippet:-1",,yes,"Answer, BlogPosting, BreadcrumbList, ContactPoint, FAQPage, GeoCoordinates, ImageObject, ListItem, Organization, Person, PostalAddress, ProfessionalService, Question, SpeakableSpecification, Thing, WebPage, WebSite",text/html; charset=utf-8,0,2026-07-07T06:12:25.467642+00:00
https://www.orangejelly.co.uk/licensees-guide/build-loyalty-scheme-fill-pub,200,https://www.orangejelly.co.uk/licensees-guide/build-loyalty-scheme-fill-pub,no,none,https://www.orangejelly.co.uk/licensees-guide/build-loyalty-scheme-fill-pub,self,"index, follow, max-video-preview:-1, max-image-preview:large, max-snippet:-1",,yes,"Answer, BlogPosting, BreadcrumbList, ContactPoint, FAQPage, GeoCoordinates, ImageObject, ListItem, Organization, Person, PostalAddress, ProfessionalService, Question, SpeakableSpecification, Thing, WebPage, WebSite",text/html; charset=utf-8,0,2026-07-07T06:12:25.467642+00:00
https://www.orangejelly.co.uk/licensees-guide/black-friday-pub-ideas,200,https://www.orangejelly.co.uk/licensees-guide/black-friday-pub-ideas,no,none,https://www.orangejelly.co.uk/licensees-guide/black-friday-pub-ideas,self,"index, follow, max-video-preview:-1, max-image-preview:large, max-snippet:-1",,yes,"Answer, BlogPosting, BreadcrumbList, ContactPoint, FAQPage, GeoCoordinates, ImageObject, ListItem, Organization, Person, PostalAddress, ProfessionalService, Question, SpeakableSpecification, Thing, WebPage, WebSite",text/html; charset=utf-8,0,2026-07-07T06:12:25.467642+00:00
https://www.orangejelly.co.uk/licensees-guide/how-to-respond-bad-pub-reviews,200,https://www.orangejelly.co.uk/licensees-guide/how-to-respond-bad-pub-reviews,no,none,https://www.orangejelly.co.uk/licensees-guide/how-to-respond-bad-pub-reviews,self,"index, follow, max-video-preview:-1, max-image-preview:large, max-snippet:-1",,yes,"Answer, BlogPosting, BreadcrumbList, ContactPoint, FAQPage, GeoCoordinates, ImageObject, ListItem, Organization, Person, PostalAddress, ProfessionalService, Question, SpeakableSpecification, Thing, WebPage, WebSite",text/html; charset=utf-8,0,2026-07-07T06:12:25.467642+00:00
https://www.orangejelly.co.uk/licensees-guide/how-much-profit-does-a-pub-make,200,https://www.orangejelly.co.uk/licensees-guide/how-much-profit-does-a-pub-make,no,none,https://www.orangejelly.co.uk/licensees-guide/how-much-profit-does-a-pub-make,self,"index, follow, max-video-preview:-1, max-image-preview:large, max-snippet:-1",,yes,"Answer, BlogPosting, BreadcrumbList, ContactPoint, FAQPage, GeoCoordinates, ImageObject, ListItem, Organization, Person, PostalAddress, ProfessionalService, Question, SpeakableSpecification, Thing, WebPage, WebSite",text/html; charset=utf-8,0,2026-07-07T06:12:25.467642+00:00
https://www.orangejelly.co.uk/licensees-guide/pub-licensing-premises-personal-licence-guide,200,https://www.orangejelly.co.uk/licensees-guide/pub-licensing-premises-personal-licence-guide,no,none,https://www.orangejelly.co.uk/licensees-guide/pub-licensing-premises-personal-licence-guide,self,"index, follow, max-video-preview:-1, max-image-preview:large, max-snippet:-1",,yes,"Answer, BlogPosting, BreadcrumbList, ContactPoint, FAQPage, GeoCoordinates, ImageObject, ListItem, Organization, Person, PostalAddress, ProfessionalService, Question, SpeakableSpecification, Thing, WebPage, WebSite",text/html; charset=utf-8,0,2026-07-07T06:12:25.467642+00:00
https://www.orangejelly.co.uk/licensees-guide/theme-hour-power-hour,200,https://www.orangejelly.co.uk/licensees-guide/theme-hour-power-hour,no,none,https://www.orangejelly.co.uk/licensees-guide/theme-hour-power-hour,self,"index, follow, max-video-preview:-1, max-image-preview:large, max-snippet:-1",,yes,"Answer, BlogPosting, BreadcrumbList, ContactPoint, FAQPage, GeoCoordinates, ImageObject, ListItem, Organization, Person, PostalAddress, ProfessionalService, Question, SpeakableSpecification, Thing, WebPage, WebSite",text/html; charset=utf-8,0,2026-07-07T06:12:25.467642+00:00
https://www.orangejelly.co.uk/licensees-guide/facebook-marketing-local-pubs,200,https://www.orangejelly.co.uk/licensees-guide/facebook-marketing-local-pubs,no,none,https://www.orangejelly.co.uk/licensees-guide/facebook-marketing-local-pubs,self,"index, follow, max-video-preview:-1, max-image-preview:large, max-snippet:-1",,yes,"Answer, BlogPosting, BreadcrumbList, ContactPoint, FAQPage, GeoCoordinates, ImageObject, ListItem, Organization, Person, PostalAddress, ProfessionalService, Question, SpeakableSpecification, Thing, WebPage, WebSite",text/html; charset=utf-8,0,2026-07-07T06:12:25.467642+00:00
https://www.orangejelly.co.uk/quiet-midweek-solutions,200,https://www.orangejelly.co.uk/quiet-midweek-solutions,no,none,https://www.orangejelly.co.uk/quiet-midweek-solutions,self,"index, follow",,yes,"Answer, BreadcrumbList, ContactPoint, FAQPage, GeoCoordinates, ImageObject, ListItem, Person, PostalAddress, ProfessionalService, Question, WebSite",text/html; charset=utf-8,0,2026-07-07T06:12:25.467642+00:00
https://www.orangejelly.co.uk/licensees-guide/autumn-pub-event-ideas,200,https://www.orangejelly.co.uk/licensees-guide/autumn-pub-event-ideas,no,none,https://www.orangejelly.co.uk/licensees-guide/autumn-pub-event-ideas,self,"index, follow, max-video-preview:-1, max-image-preview:large, max-snippet:-1",,yes,"Answer, BlogPosting, BreadcrumbList, ContactPoint, FAQPage, GeoCoordinates, ImageObject, ItemList, ListItem, Organization, Person, PostalAddress, ProfessionalService, Question, SpeakableSpecification, Thing, WebPage, WebSite",text/html; charset=utf-8,0,2026-07-07T06:12:25.467642+00:00
https://www.orangejelly.co.uk/services/social-media-marketing-for-pubs,200,https://www.orangejelly.co.uk/services/social-media-marketing-for-pubs,no,none,https://www.orangejelly.co.uk/services/social-media-marketing-for-pubs,self,"index, follow",,no,"Answer, BreadcrumbList, ContactPoint, Country, FAQPage, GeoCoordinates, ImageObject, ListItem, LocalBusiness, Offer, OfferCatalog, Person, PostalAddress, PriceSpecification, ProfessionalService, Question, Service, WebSite",text/html; charset=utf-8,0,2026-07-07T06:12:25.467642+00:00
https://www.orangejelly.co.uk/services/paid-social-for-pubs,200,https://www.orangejelly.co.uk/services/paid-social-for-pubs,no,none,https://www.orangejelly.co.uk/services/paid-social-for-pubs,self,"index, follow",,no,"Answer, BreadcrumbList, ContactPoint, Country, FAQPage, GeoCoordinates, ImageObject, ListItem, LocalBusiness, Offer, OfferCatalog, Person, PostalAddress, PriceSpecification, ProfessionalService, Question, Service, WebSite",text/html; charset=utf-8,0,2026-07-07T06:12:25.467642+00:00
https://www.orangejelly.co.uk/services/content-creation-for-pubs,200,https://www.orangejelly.co.uk/services/content-creation-for-pubs,no,none,https://www.orangejelly.co.uk/services/content-creation-for-pubs,self,"index, follow",,no,"Answer, BreadcrumbList, ContactPoint, Country, FAQPage, GeoCoordinates, ImageObject, ListItem, LocalBusiness, Offer, OfferCatalog, Person, PostalAddress, PriceSpecification, ProfessionalService, Question, Service, WebSite",text/html; charset=utf-8,0,2026-07-07T06:12:25.467642+00:00
https://www.orangejelly.co.uk/licensees-guide/cash-flow-crisis-breaking-cycle,200,https://www.orangejelly.co.uk/fix-my-pub,yes,308:https://www.orangejelly.co.uk/fix-my-pub,https://www.orangejelly.co.uk/fix-my-pub,self,"index, follow",,yes,"Answer, BreadcrumbList, ContactPoint, FAQPage, GeoCoordinates, ImageObject, ListItem, Person, PostalAddress, ProfessionalService, Question, WebSite",text/html; charset=utf-8,0,2026-07-07T06:12:25.467642+00:00
https://www.orangejelly.co.uk/contact?package=growth-fix,200,https://www.orangejelly.co.uk/contact?package=growth-fix,no,none,https://www.orangejelly.co.uk/contact,points-elsewhere,"index, follow",,no,"Answer, BreadcrumbList, ContactPage, ContactPoint, Country, FAQPage, GeoCoordinates, ImageObject, ListItem, LocalBusiness, OpeningHoursSpecification, Person, PostalAddress, ProfessionalService, Question, WebSite",text/html; charset=utf-8,0,2026-07-07T06:12:25.467642+00:00
https://www.orangejelly.co.uk/contact?package=turnaround-intensive,200,https://www.orangejelly.co.uk/contact?package=turnaround-intensive,no,none,https://www.orangejelly.co.uk/contact,points-elsewhere,"index, follow",,no,"Answer, BreadcrumbList, ContactPage, ContactPoint, Country, FAQPage, GeoCoordinates, ImageObject, ListItem, LocalBusiness, OpeningHoursSpecification, Person, PostalAddress, ProfessionalService, Question, WebSite",text/html; charset=utf-8,0,2026-07-07T06:12:25.467642+00:00
https://www.orangejelly.co.uk/services/instagram-services-for-pubs,200,https://www.orangejelly.co.uk/services/instagram-services-for-pubs,no,none,https://www.orangejelly.co.uk,points-elsewhere,"index, follow, max-video-preview:-1, max-image-preview:large, max-snippet:-1",,no,"BreadcrumbList, ContactPoint, GeoCoordinates, ImageObject, ListItem, Person, PostalAddress, ProfessionalService, WebSite",text/html; charset=utf-8,0,2026-07-07T06:12:25.467642+00:00
https://www.orangejelly.co.uk/services,200,https://www.orangejelly.co.uk/ways-to-work,yes,308:https://www.orangejelly.co.uk/ways-to-work,https://www.orangejelly.co.uk/ways-to-work,self,"index, follow",,yes,"Answer, BreadcrumbList, ContactPoint, FAQPage, GeoCoordinates, ImageObject, ItemList, ListItem, Person, PostalAddress, ProfessionalService, Question, WebSite",text/html; charset=utf-8,0,2026-07-07T06:12:25.467642+00:00
https://www.orangejelly.co.uk/contact?package=momentum-month,200,https://www.orangejelly.co.uk/contact?package=momentum-month,no,none,https://www.orangejelly.co.uk/contact,points-elsewhere,"index, follow",,no,"Answer, BreadcrumbList, ContactPage, ContactPoint, Country, FAQPage, GeoCoordinates, ImageObject, ListItem, LocalBusiness, OpeningHoursSpecification, Person, PostalAddress, ProfessionalService, Question, WebSite",text/html; charset=utf-8,0,2026-07-07T06:12:25.467642+00:00
https://www.orangejelly.co.uk/licensees-guide/beat-chain-pubs,200,https://www.orangejelly.co.uk/licensees-guide/compete-with-wetherspoons,yes,308:https://www.orangejelly.co.uk/licensees-guide/compete-with-wetherspoons,https://www.orangejelly.co.uk/licensees-guide/compete-with-wetherspoons,self,"index, follow, max-video-preview:-1, max-image-preview:large, max-snippet:-1",,yes,"Answer, BlogPosting, BreadcrumbList, ContactPoint, FAQPage, GeoCoordinates, ImageObject, ListItem, Organization, Person, PostalAddress, ProfessionalService, Question, SpeakableSpecification, Thing, WebPage, WebSite",text/html; charset=utf-8,0,2026-07-07T06:12:25.467642+00:00
https://www.orangejelly.co.uk/licensees-guide/local-pub-marketing,200,https://www.orangejelly.co.uk/pub-marketing,yes,308:https://www.orangejelly.co.uk/pub-marketing,https://www.orangejelly.co.uk/pub-marketing,self,"index, follow",,yes,"Answer, BreadcrumbList, ContactPoint, FAQPage, GeoCoordinates, ImageObject, ListItem, Person, PostalAddress, ProfessionalService, Question, WebSite",text/html; charset=utf-8,0,2026-07-07T06:12:25.467642+00:00
https://www.orangejelly.co.uk/licensees-guide/fill-empty-seats-midweek-offers,200,https://www.orangejelly.co.uk/licensees-guide/fill-empty-pub-tables,yes,308:https://www.orangejelly.co.uk/licensees-guide/fill-empty-pub-tables,https://www.orangejelly.co.uk/licensees-guide/fill-empty-pub-tables,self,"index, follow, max-video-preview:-1, max-image-preview:large, max-snippet:-1",,yes,"Answer, BlogPosting, BreadcrumbList, ContactPoint, FAQPage, GeoCoordinates, ImageObject, ListItem, Organization, Person, PostalAddress, ProfessionalService, Question, SpeakableSpecification, Thing, WebPage, WebSite",text/html; charset=utf-8,0,2026-07-07T06:12:25.467642+00:00
https://www.orangejelly.co.uk/contact?package=growth-partner,200,https://www.orangejelly.co.uk/contact?package=growth-partner,no,none,https://www.orangejelly.co.uk/contact,points-elsewhere,"index, follow",,no,"Answer, BreadcrumbList, ContactPage, ContactPoint, Country, FAQPage, GeoCoordinates, ImageObject, ListItem, LocalBusiness, OpeningHoursSpecification, Person, PostalAddress, ProfessionalService, Question, WebSite",text/html; charset=utf-8,0,2026-07-07T06:12:25.467642+00:00
https://www.orangejelly.co.uk/licensees-guide/pub-wages-labour-costs-uk,404,https://www.orangejelly.co.uk/licensees-guide/pub-wages-labour-costs-uk,no,none,,n/a,,,no,,text/html; charset=utf-8,0,2026-07-07T06:12:25.467642+00:00
