URL,Last crawled
https://www.orangejelly.co.uk/capabilities,1970-01-01
https://www.orangejelly.co.uk/compete-with-pub-chains,1970-01-01
https://www.orangejelly.co.uk/licensees-guide/autumn-pub-event-ideas,1970-01-01
https://www.orangejelly.co.uk/licensees-guide/autumn-rugby-nations-championship-pubs,1970-01-01
https://www.orangejelly.co.uk/licensees-guide/cash-flow-crisis-breaking-cycle,1970-01-01
https://www.orangejelly.co.uk/licensees-guide/cask-ale-week-pub-guide,1970-01-01
https://www.orangejelly.co.uk/licensees-guide/category/events,1970-01-01
https://www.orangejelly.co.uk/licensees-guide/category/food-drink,1970-01-01
https://www.orangejelly.co.uk/licensees-guide/category/operations,1970-01-01
https://www.orangejelly.co.uk/licensees-guide/category/revenue-growth,1970-01-01
https://www.orangejelly.co.uk/licensees-guide/christmas-pub-event-ideas,1970-01-01
https://www.orangejelly.co.uk/licensees-guide/google-business-profile-pub-guide,1970-01-01
https://www.orangejelly.co.uk/licensees-guide/how-much-profit-does-a-pub-make,1970-01-01
https://www.orangejelly.co.uk/licensees-guide/how-to-attract-families-to-your-pub,1970-01-01
https://www.orangejelly.co.uk/licensees-guide/how-to-run-successful-pub-events,1970-01-01
https://www.orangejelly.co.uk/licensees-guide/low-budget-pub-marketing-ideas,1970-01-01
https://www.orangejelly.co.uk/licensees-guide/macmillan-coffee-morning-pub-guide,1970-01-01
https://www.orangejelly.co.uk/licensees-guide/national-drinks-days-pub-guide,1970-01-01
https://www.orangejelly.co.uk/licensees-guide/pop-up-events-for-pubs,1970-01-01
https://www.orangejelly.co.uk/licensees-guide/pub-christmas-bookings-fill-december,1970-01-01
https://www.orangejelly.co.uk/licensees-guide/pub-epos-system-guide,1970-01-01
https://www.orangejelly.co.uk/licensees-guide/pub-event-ideas,1970-01-01
https://www.orangejelly.co.uk/licensees-guide/pub-new-years-eve-planning-guide,1970-01-01
https://www.orangejelly.co.uk/licensees-guide/pub-six-nations-rugby-marketing,1970-01-01
https://www.orangejelly.co.uk/licensees-guide/pub-wages-labour-costs-guide,1970-01-01
https://www.orangejelly.co.uk/licensees-guide/seasonal-pub-events-calendar,1970-01-01
https://www.orangejelly.co.uk/licensees-guide/sober-october-low-no-alcohol-pubs,1970-01-01
https://www.orangejelly.co.uk/licensees-guide/summer-pub-marketing,1970-01-01
https://www.orangejelly.co.uk/licensees-guide/village-pub-dying-village-survival,1970-01-01
https://www.orangejelly.co.uk/licensees-guide/wet-led-vs-food-led-pubs,1970-01-01
https://www.orangejelly.co.uk/licensees-guide/wine-tasting-evenings-for-pubs,1970-01-01
https://www.orangejelly.co.uk/licensees-guide/young-people-wont-come-to-your-pub,1970-01-01
https://www.orangejelly.co.uk/pub-marketing,1970-01-01
https://www.orangejelly.co.uk/pub-marketing-agency,1970-01-01
https://www.orangejelly.co.uk/pub-marketing-buckinghamshire,1970-01-01
https://www.orangejelly.co.uk/pub-marketing-hampshire,1970-01-01
https://www.orangejelly.co.uk/pub-marketing-hertfordshire,1970-01-01
https://www.orangejelly.co.uk/pub-marketing-london,1970-01-01
https://www.orangejelly.co.uk/pub-marketing-oxfordshire,1970-01-01
https://www.orangejelly.co.uk/pub-marketing-surrey,1970-01-01
https://www.orangejelly.co.uk/ways-to-work/growth-fix,1970-01-01
https://www.orangejelly.co.uk/ways-to-work/growth-partner,1970-01-01
https://www.orangejelly.co.uk/ways-to-work/momentum-month,1970-01-01
https://www.orangejelly.co.uk/ways-to-work/turnaround-intensive,1970-01-01