source,Keyword,Avg. monthly searches,Three month change,YoY change,Competition
Keyword Stats 2026-09-05 at 08_02_52.csv,ai consultant for small business,50.0,0%,0%,Medium
Keyword Stats 2026-09-05 at 08_02_52.csv,business automation consultant,50.0,0%,0%,Medium
Keyword Stats 2026-09-05 at 08_02_52.csv,business growth advisor,50.0,0%,0%,Medium
Keyword Stats 2026-09-05 at 08_02_52.csv,business growth consultant,500.0,0%,0%,Medium
Keyword Stats 2026-09-05 at 08_02_52.csv,business growth partner,50.0,0%,0%,Low
Keyword Stats 2026-09-05 at 08_02_52.csv,business growth strategy,500.0,0%,0%,Low
Keyword Stats 2026-09-05 at 08_02_52.csv,business improvement consultant,50.0,0%,0%,Low
Keyword Stats 2026-09-05 at 08_02_52.csv,business process improvement consultant,50.0,0%,0%,Medium
Keyword Stats 2026-09-05 at 08_02_52.csv,business strategy consultant,500.0,0%,0%,Low
Keyword Stats 2026-09-05 at 08_02_52.csv,conversion rate optimisation consultant,500.0,0%,-90%,Low
Keyword Stats 2026-09-05 at 08_02_52.csv,customer acquisition consultant,50.0,-100%,-100%,
Keyword Stats 2026-09-05 at 08_02_52.csv,customer retention consultant,50.0,0%,0%,Low
Keyword Stats 2026-09-05 at 08_02_52.csv,hospitality marketing agency,500.0,0%,0%,Medium
Keyword Stats 2026-09-05 at 08_02_52.csv,hospitality marketing consultant,50.0,0%,0%,Medium
Keyword Stats 2026-09-05 at 08_02_52.csv,how to attract customers to a pub,,,,
Keyword Stats 2026-09-05 at 08_02_52.csv,how to generate more enquiries,,,,
Keyword Stats 2026-09-05 at 08_02_52.csv,how to get more customers,50.0,0%,0%,Medium
Keyword Stats 2026-09-05 at 08_02_52.csv,how to grow a small business,500.0,0%,0%,Low
Keyword Stats 2026-09-05 at 08_02_52.csv,how to increase business profits,50.0,0%,0%,Low
Keyword Stats 2026-09-05 at 08_02_52.csv,how to increase pub food sales,,,,
Keyword Stats 2026-09-05 at 08_02_52.csv,how to increase pub sales,,,,
Keyword Stats 2026-09-05 at 08_02_52.csv,how to increase repeat customers,50.0,∞,0%,High
Keyword Stats 2026-09-05 at 08_02_52.csv,how to increase restaurant bookings,,,,
Keyword Stats 2026-09-05 at 08_02_52.csv,marketing consultant for small business,500.0,0%,0%,Low
Keyword Stats 2026-09-05 at 08_02_52.csv,marketing strategy consultant,500.0,-90%,-90%,Low
Keyword Stats 2026-09-05 at 08_02_52.csv,professional services marketing agency,500.0,0%,0%,Medium
Keyword Stats 2026-09-05 at 08_02_52.csv,professional services marketing consultant,50.0,-100%,0%,
Keyword Stats 2026-09-05 at 08_02_52.csv,pub business consultant,,,,
Keyword Stats 2026-09-05 at 08_02_52.csv,pub marketing agency,50.0,0%,0%,Low
Keyword Stats 2026-09-05 at 08_02_52.csv,pub marketing consultant,,,,
Keyword Stats 2026-09-05 at 08_02_52.csv,pub marketing services,,,,
Keyword Stats 2026-09-05 at 08_02_52.csv,restaurant marketing agency,500.0,0%,0%,Medium
Keyword Stats 2026-09-05 at 08_02_52.csv,restaurant marketing consultant,50.0,0%,0%,Low
Keyword Stats 2026-09-05 at 08_02_52.csv,small business automation,50.0,0%,0%,Medium
Keyword Stats 2026-09-05 at 08_02_52.csv,small business consultant,500.0,0%,0%,Medium
Keyword Stats 2026-09-05 at 08_02_52.csv,small business growth consultant,50.0,0%,0%,Low
Keyword Stats 2026-09-05 at 08_02_52.csv,small business strategy consultant,50.0,0%,0%,Low
Keyword Stats 2026-09-05 at 08_02_52.csv,sme business consultant,50.0,0%,0%,Medium
Keyword Stats 2026-09-05 at 08_02_52.csv,website conversion optimisation,50.0,0%,-90%,Medium
Keyword Stats 2026-09-05 at 08_02_52.csv,website traffic but no enquiries,,,,
Keyword Stats 2026-09-05 at 08_02_52.csv,why are my sales falling,,,,
Keyword Stats 2026-09-05 at 08_02_52.csv,why is my business not growing,50.0,∞,0%,Medium
Keyword Stats 2026-09-05 at 08_05_01.csv,business consultant for small businesses,500.0,0%,0%,Medium
Keyword Stats 2026-09-05 at 08_05_01.csv,business development consultant,500.0,0%,0%,Medium
Keyword Stats 2026-09-05 at 08_05_01.csv,business growth audit,50.0,0%,-100%,
Keyword Stats 2026-09-05 at 08_05_01.csv,business growth consultancy,50.0,0%,0%,Medium
Keyword Stats 2026-09-05 at 08_05_01.csv,business growth consultant uk,,,,
Keyword Stats 2026-09-05 at 08_05_01.csv,business growth consulting services,500.0,0%,0%,Medium
Keyword Stats 2026-09-05 at 08_05_01.csv,business growth plan,50.0,0%,-90%,Low
Keyword Stats 2026-09-05 at 08_05_01.csv,business growth services,500.0,0%,0%,Medium
Keyword Stats 2026-09-05 at 08_05_01.csv,business growth strategy consultant,50.0,0%,0%,Low
Keyword Stats 2026-09-05 at 08_05_01.csv,business improvement consultancy,50.0,0%,0%,High
Keyword Stats 2026-09-05 at 08_05_01.csv,business strategy consultancy,50.0,0%,0%,Low
Keyword Stats 2026-09-05 at 08_05_01.csv,business strategy consulting services,50.0,0%,0%,Low
Keyword Stats 2026-09-05 at 08_05_01.csv,freelance marketing consultant,500.0,-90%,-90%,Medium
Keyword Stats 2026-09-05 at 08_05_01.csv,growth strategy consultancy,50.0,0%,0%,Low
Keyword Stats 2026-09-05 at 08_05_01.csv,hospitality marketing consultancy,,,,
Keyword Stats 2026-09-05 at 08_05_01.csv,hospitality marketing services,50.0,0%,0%,High
Keyword Stats 2026-09-05 at 08_05_01.csv,independent marketing consultant,50.0,0%,0%,Medium
Keyword Stats 2026-09-05 at 08_05_01.csv,lead generation for professional services,50.0,-100%,-100%,
Keyword Stats 2026-09-05 at 08_05_01.csv,marketing audit for small business,,,,
Keyword Stats 2026-09-05 at 08_05_01.csv,marketing consultant uk,500.0,-90%,-90%,Low
Keyword Stats 2026-09-05 at 08_05_01.csv,marketing strategy consultancy,500.0,-90%,-90%,Low
Keyword Stats 2026-09-05 at 08_05_01.csv,marketing strategy for professional services,50.0,0%,0%,Medium
Keyword Stats 2026-09-05 at 08_05_01.csv,marketing strategy for small business,500.0,0%,-90%,Low
Keyword Stats 2026-09-05 at 08_05_01.csv,professional services marketing,500.0,-90%,0%,Medium
Keyword Stats 2026-09-05 at 08_05_01.csv,professional services marketing consultancy,,,,
Keyword Stats 2026-09-05 at 08_05_01.csv,pub marketing,50.0,0%,0%,Low
Keyword Stats 2026-09-05 at 08_05_01.csv,restaurant marketing consultancy,0.0,0%,0%,
Keyword Stats 2026-09-05 at 08_05_01.csv,restaurant marketing services,50.0,-100%,-100%,
Keyword Stats 2026-09-05 at 08_05_01.csv,small business advisor,500.0,-90%,-90%,High
Keyword Stats 2026-09-05 at 08_05_01.csv,small business consultancy,500.0,0%,0%,Medium
Keyword Stats 2026-09-05 at 08_05_01.csv,small business consulting services,50.0,0%,0%,Medium
Keyword Stats 2026-09-05 at 08_05_01.csv,small business growth consultancy,,,,
Keyword Stats 2026-09-05 at 08_05_01.csv,small business marketing consultancy,50.0,-100%,-100%,
Keyword Stats 2026-09-05 at 08_05_01.csv,small business marketing services,500.0,-90%,-90%,Low
Keyword Stats 2026-09-05 at 08_05_01.csv,sme business advice,50.0,0%,0%,Low
Keyword Stats 2026-09-05 at 08_05_01.csv,sme consultancy,50.0,-90%,-90%,Low
Keyword Stats 2026-09-05 at 08_05_01.csv,sme growth consultancy,,,,
Keyword Stats 2026-09-05 at 08_07_00.csv,ai automation consultant,50.0,900%,900%,Medium
Keyword Stats 2026-09-05 at 08_07_00.csv,ai automation services,50.0,0%,0%,Medium
Keyword Stats 2026-09-05 at 08_07_00.csv,ai business consultant,500.0,0%,0%,Medium
Keyword Stats 2026-09-05 at 08_07_00.csv,ai consultancy for small business,50.0,0%,∞,High
Keyword Stats 2026-09-05 at 08_07_00.csv,ai consulting for small businesses,50.0,0%,0%,Medium
Keyword Stats 2026-09-05 at 08_07_00.csv,ai implementation consultant,50.0,900%,900%,Medium
Keyword Stats 2026-09-05 at 08_07_00.csv,ai implementation services,50.0,0%,0%,Medium
Keyword Stats 2026-09-05 at 08_07_00.csv,business automation consultancy,,,,
Keyword Stats 2026-09-05 at 08_07_00.csv,business automation services,50.0,0%,0%,Medium
Keyword Stats 2026-09-05 at 08_07_00.csv,business efficiency consultant,50.0,0%,0%,Low
Keyword Stats 2026-09-05 at 08_07_00.csv,business growth has stalled,,,,
Keyword Stats 2026-09-05 at 08_07_00.csv,business growth problems,50.0,0%,∞,Low
Keyword Stats 2026-09-05 at 08_07_00.csv,business not growing,50.0,-100%,-100%,
Keyword Stats 2026-09-05 at 08_07_00.csv,business process automation consultant,50.0,0%,0%,Low
Keyword Stats 2026-09-05 at 08_07_00.csv,business process automation services,50.0,0%,0%,Low
Keyword Stats 2026-09-05 at 08_07_00.csv,business systems consultant,50.0,0%,0%,Medium
Keyword Stats 2026-09-05 at 08_07_00.csv,conversion optimisation services,500.0,-90%,-90%,Low
Keyword Stats 2026-09-05 at 08_07_00.csv,conversion rate optimisation services,500.0,0%,0%,Low
Keyword Stats 2026-09-05 at 08_07_00.csv,customer experience consultant,500.0,0%,0%,Medium
Keyword Stats 2026-09-05 at 08_07_00.csv,customer journey consultant,50.0,0%,0%,Low
Keyword Stats 2026-09-05 at 08_07_00.csv,customer retention services,50.0,0%,0%,Low
Keyword Stats 2026-09-05 at 08_07_00.csv,customer retention strategy,500.0,-90%,-90%,Medium
Keyword Stats 2026-09-05 at 08_07_00.csv,how to attract more clients,50.0,0%,0%,High
Keyword Stats 2026-09-05 at 08_07_00.csv,how to get more repeat business,,,,
Keyword Stats 2026-09-05 at 08_07_00.csv,how to grow a service business,50.0,∞,0%,Low
Keyword Stats 2026-09-05 at 08_07_00.csv,how to improve business profitability,50.0,0%,0%,Low
Keyword Stats 2026-09-05 at 08_07_00.csv,how to increase business revenue,50.0,0%,0%,Low
Keyword Stats 2026-09-05 at 08_07_00.csv,improve enquiry conversion,,,,
Keyword Stats 2026-09-05 at 08_07_00.csv,improve sales conversion,50.0,0%,0%,Low
Keyword Stats 2026-09-05 at 08_07_00.csv,improve website conversions,50.0,0%,0%,Low
Keyword Stats 2026-09-05 at 08_07_00.csv,increase website enquiries,,,,
Keyword Stats 2026-09-05 at 08_07_00.csv,small business ai solutions,50.0,-100%,-100%,
Keyword Stats 2026-09-05 at 08_07_00.csv,small business process improvement,50.0,0%,0%,Low
Keyword Stats 2026-09-05 at 08_07_00.csv,website conversion audit,50.0,0%,0%,High
Keyword Stats 2026-09-05 at 08_07_00.csv,website conversion consultant,50.0,0%,0%,
Keyword Stats 2026-09-05 at 08_07_00.csv,website not converting,50.0,0%,∞,Low
Keyword Stats 2026-09-05 at 08_07_00.csv,website not generating leads,,,,
Keyword Stats 2026-09-05 at 08_07_00.csv,workflow automation consultant,50.0,0%,0%,Medium
Keyword Stats 2026-09-05 at 08_07_00.csv,workflow automation services,50.0,0%,0%,Low
Keyword Stats 2026-09-05 at 08_07_49.csv,ai automation consultancy,50.0,0%,∞,Medium
Keyword Stats 2026-09-05 at 08_07_49.csv,ai business audit,50.0,0%,∞,High
Keyword Stats 2026-09-05 at 08_07_49.csv,ai business consultancy,50.0,0%,0%,Low
Keyword Stats 2026-09-05 at 08_07_49.csv,ai consultancy uk,500.0,0%,0%,Medium
Keyword Stats 2026-09-05 at 08_07_49.csv,ai consultant,5000.0,0%,0%,Medium
Keyword Stats 2026-09-05 at 08_07_49.csv,ai consultant for smes,,,,
Keyword Stats 2026-09-05 at 08_07_49.csv,ai consultant uk,500.0,-90%,-90%,Medium
Keyword Stats 2026-09-05 at 08_07_49.csv,ai consulting services,500.0,0%,0%,Low
Keyword Stats 2026-09-05 at 08_07_49.csv,ai implementation consultancy,,,,
Keyword Stats 2026-09-05 at 08_07_49.csv,ai implementation for small business,50.0,0%,∞,High
Keyword Stats 2026-09-05 at 08_07_49.csv,ai integration consultant,50.0,0%,0%,High
Keyword Stats 2026-09-05 at 08_07_49.csv,ai integration services,50.0,0%,-90%,Medium
Keyword Stats 2026-09-05 at 08_07_49.csv,ai readiness assessment,500.0,0%,0%,Medium
Keyword Stats 2026-09-05 at 08_07_49.csv,ai strategy consultant,500.0,0%,-90%,Medium
Keyword Stats 2026-09-05 at 08_07_49.csv,ai tools for small business,50.0,-90%,0%,Medium
Keyword Stats 2026-09-05 at 08_07_49.csv,ai training for small businesses,50.0,0%,0%,High
Keyword Stats 2026-09-05 at 08_07_49.csv,ai workflow automation,500.0,0%,0%,Medium
Keyword Stats 2026-09-05 at 08_07_49.csv,artificial intelligence consultant,5000.0,0%,0%,Medium
Keyword Stats 2026-09-05 at 08_07_49.csv,business ai automation,50.0,∞,0%,High
Keyword Stats 2026-09-05 at 08_07_49.csv,small business ai consultant,50.0,0%,0%,High
Keyword Stats 2026-09-05 at 08_07_49.csv,sme ai consulting,,,,
Keyword Stats 2026-09-05 at 08_10_14.csv,ai app development company,50.0,0%,0%,Medium
Keyword Stats 2026-09-05 at 08_10_14.csv,ai application development,500.0,0%,-90%,High
Keyword Stats 2026-09-05 at 08_10_14.csv,ai for hospitality,50.0,0%,0%,High
Keyword Stats 2026-09-05 at 08_10_14.csv,ai for hotel bookings,,,,
Keyword Stats 2026-09-05 at 08_10_14.csv,ai for restaurants,50.0,-90%,-90%,Medium
Keyword Stats 2026-09-05 at 08_10_14.csv,ai web development agency,50.0,0%,0%,Medium
Keyword Stats 2026-09-05 at 08_10_14.csv,ai website development,500.0,-90%,-90%,Medium
Keyword Stats 2026-09-05 at 08_10_14.csv,bespoke booking system,50.0,0%,0%,Low
Keyword Stats 2026-09-05 at 08_10_14.csv,bespoke web application development,50.0,0%,0%,Low
Keyword Stats 2026-09-05 at 08_10_14.csv,booking application development,,,,
Keyword Stats 2026-09-05 at 08_10_14.csv,booking automation,50.0,0%,0%,Low
Keyword Stats 2026-09-05 at 08_10_14.csv,booking website development,50.0,0%,0%,High
Keyword Stats 2026-09-05 at 08_10_14.csv,boutique hotel website design,50.0,0%,0%,Low
Keyword Stats 2026-09-05 at 08_10_14.csv,business application development,50.0,-90%,0%,Low
Keyword Stats 2026-09-05 at 08_10_14.csv,custom booking system,50.0,0%,0%,Low
Keyword Stats 2026-09-05 at 08_10_14.csv,custom software development for small business,50.0,0%,0%,Low
Keyword Stats 2026-09-05 at 08_10_14.csv,customer portal development,50.0,0%,0%,Low
Keyword Stats 2026-09-05 at 08_10_14.csv,digital guest experience,50.0,-100%,-100%,
Keyword Stats 2026-09-05 at 08_10_14.csv,direct booking website,50.0,0%,0%,High
Keyword Stats 2026-09-05 at 08_10_14.csv,guest experience app,50.0,0%,0%,Medium
Keyword Stats 2026-09-05 at 08_10_14.csv,guest experience platform,50.0,0%,0%,High
Keyword Stats 2026-09-05 at 08_10_14.csv,guest portal development,,,,
Keyword Stats 2026-09-05 at 08_10_14.csv,hospitality app development,50.0,0%,-100%,
Keyword Stats 2026-09-05 at 08_10_14.csv,hospitality automation,50.0,0%,0%,Low
Keyword Stats 2026-09-05 at 08_10_14.csv,hospitality software development,50.0,0%,-100%,
Keyword Stats 2026-09-05 at 08_10_14.csv,hospitality web design,500.0,0%,0%,Medium
Keyword Stats 2026-09-05 at 08_10_14.csv,hospitality website design agency,,,,
Keyword Stats 2026-09-05 at 08_10_14.csv,hospitality website development,50.0,-100%,-100%,
Keyword Stats 2026-09-05 at 08_10_14.csv,hotel app development,50.0,∞,∞,Low
Keyword Stats 2026-09-05 at 08_10_14.csv,hotel direct booking website,,,,
Keyword Stats 2026-09-05 at 08_10_14.csv,hotel website design,500.0,0%,0%,Low
Keyword Stats 2026-09-05 at 08_10_14.csv,hotel website development,50.0,-100%,-100%,
Keyword Stats 2026-09-05 at 08_10_14.csv,online booking system development,50.0,0%,0%,
Keyword Stats 2026-09-05 at 08_10_14.csv,pub website design,50.0,0%,0%,Medium
Keyword Stats 2026-09-05 at 08_10_14.csv,restaurant app development,50.0,0%,0%,Low
Keyword Stats 2026-09-05 at 08_10_14.csv,restaurant booking website,50.0,0%,0%,Medium
Keyword Stats 2026-09-05 at 08_10_14.csv,restaurant website design,500.0,-90%,-90%,Low
Keyword Stats 2026-09-05 at 08_10_14.csv,restaurant website development,50.0,0%,0%,Low
Keyword Stats 2026-09-05 at 08_10_14.csv,web application development company,50.0,-90%,0%,Low
